Timestamp,Risk Score,Threat Level,File Events,Registry Changes,PowerShell Activity,Privilege Escalation
2026-06-01 00:00:00,14,LOW,9,0,False,False
2026-06-01 00:01:00,24,MEDIUM,24,0,False,False
2026-06-01 00:06:00,129,CRITICAL,107,1,True,False
2026-06-01 00:06:00,36,MEDIUM,10,1,False,False
2026-06-01 00:12:00,78,HIGH,36,1,True,False
2026-06-01 00:10:00,126,CRITICAL,141,2,True,False
2026-06-01 00:06:00,23,MEDIUM,20,0,True,False
2026-06-01 00:14:00,72,HIGH,40,0,True,False
2026-06-01 00:24:00,18,LOW,5,0,False,False
2026-06-01 00:18:00,51,HIGH,46,2,False,False
2026-06-01 00:30:00,1,LOW,0,0,False,False
2026-06-01 00:22:00,31,MEDIUM,27,0,True,False
2026-06-01 00:12:00,3,LOW,9,0,False,False
2026-06-01 00:39:00,35,MEDIUM,21,1,False,False
2026-06-01 00:28:00,76,HIGH,53,2,False,False
2026-06-01 00:15:00,41,MEDIUM,16,0,False,False
2026-06-01 00:32:00,5,LOW,4,0,False,False
2026-06-01 00:34:00,100,CRITICAL,100,2,True,False
2026-06-01 00:54:00,13,LOW,6,0,False,False
2026-06-01 00:38:00,39,MEDIUM,20,0,False,False
2026-06-01 01:00:00,4,LOW,6,0,False,False
2026-06-01 00:21:00,7,LOW,6,0,False,False
2026-06-01 00:22:00,16,LOW,10,0,False,False
2026-06-01 01:09:00,14,LOW,12,0,False,False
2026-06-01 00:48:00,23,MEDIUM,28,1,False,False
2026-06-01 01:15:00,54,HIGH,52,0,False,False
2026-06-01 00:52:00,130,CRITICAL,137,3,True,False
2026-06-01 01:21:00,1,LOW,10,0,False,False
2026-06-01 01:24:00,1,LOW,0,0,False,False
2026-06-01 00:29:00,39,MEDIUM,24,1,True,False
2026-06-01 01:00:00,65,HIGH,33,0,False,True
2026-06-01 00:31:00,61,HIGH,70,0,True,False
2026-06-01 01:36:00,9,LOW,1,0,False,False
2026-06-01 01:06:00,4,LOW,15,0,False,False
2026-06-01 01:42:00,47,MEDIUM,26,0,False,False
2026-06-01 01:10:00,5,LOW,14,0,False,False
2026-06-01 01:48:00,47,MEDIUM,25,0,True,False
2026-06-01 01:51:00,18,LOW,3,0,False,False
2026-06-01 00:38:00,19,LOW,5,0,False,False
2026-06-01 01:57:00,48,MEDIUM,26,1,True,False
2026-06-01 00:40:00,10,LOW,6,0,False,False
2026-06-01 02:03:00,1,LOW,3,0,False,False
2026-06-01 02:06:00,26,MEDIUM,23,1,False,False
2026-06-01 00:43:00,12,LOW,9,0,False,False
2026-06-01 01:28:00,13,LOW,14,0,False,False
2026-06-01 00:45:00,48,MEDIUM,27,1,False,False
2026-06-01 02:18:00,18,LOW,1,0,False,False
2026-06-01 02:21:00,71,HIGH,46,2,False,False
2026-06-01 02:24:00,50,HIGH,26,1,True,False
2026-06-01 00:49:00,11,LOW,6,0,False,False
2026-06-01 01:40:00,3,LOW,13,0,False,False
2026-06-01 02:33:00,12,LOW,11,0,False,False
2026-06-01 00:52:00,16,LOW,8,0,False,False
2026-06-01 02:39:00,121,CRITICAL,65,2,True,False
2026-06-01 00:54:00,12,LOW,9,0,False,False
2026-06-01 00:55:00,78,HIGH,64,2,True,False
2026-06-01 02:48:00,19,LOW,13,0,False,False
2026-06-01 02:51:00,34,MEDIUM,18,0,False,False
2026-06-01 01:56:00,15,LOW,1,0,False,False
2026-06-01 00:59:00,10,LOW,0,0,False,False
2026-06-01 02:00:00,28,MEDIUM,14,1,False,False
2026-06-01 03:03:00,49,MEDIUM,25,1,True,False
2026-06-01 02:04:00,17,LOW,5,0,False,False
2026-06-01 01:03:00,48,MEDIUM,26,0,False,False
2026-06-01 03:12:00,6,LOW,9,0,False,False
2026-06-01 03:15:00,71,HIGH,30,2,True,True
2026-06-01 02:12:00,10,LOW,0,0,False,False
2026-06-01 02:14:00,8,LOW,4,0,False,False
2026-06-01 02:16:00,76,HIGH,33,2,True,True
2026-06-01 01:09:00,17,LOW,13,0,False,False
2026-06-01 01:10:00,65,HIGH,35,2,False,False
2026-06-01 02:22:00,51,HIGH,42,2,True,False
2026-06-01 02:24:00,66,HIGH,29,0,False,False
2026-06-01 02:26:00,39,MEDIUM,16,0,False,False
2026-06-01 01:14:00,1,LOW,7,0,False,False
2026-06-01 01:15:00,19,LOW,10,0,False,False
2026-06-01 03:48:00,40,MEDIUM,18,1,False,False
2026-06-01 01:17:00,101,CRITICAL,82,4,True,True
2026-06-01 01:18:00,3,LOW,3,0,False,False
2026-06-01 03:57:00,23,MEDIUM,10,1,True,False
2026-06-01 04:00:00,126,CRITICAL,75,2,True,True
2026-06-01 02:42:00,91,CRITICAL,81,4,True,True
2026-06-01 02:44:00,16,LOW,2,0,False,False
2026-06-01 02:46:00,24,MEDIUM,29,1,False,False
2026-06-01 04:12:00,16,LOW,8,0,False,False
2026-06-01 01:25:00,111,CRITICAL,110,1,True,False
2026-06-01 02:52:00,11,LOW,6,0,False,False
2026-06-01 02:54:00,8,LOW,15,0,False,False
2026-06-01 02:56:00,7,LOW,0,0,False,False
2026-06-01 02:58:00,42,MEDIUM,12,0,False,False
2026-06-01 01:30:00,0,LOW,7,0,False,False
2026-06-01 04:33:00,15,LOW,5,0,False,False
2026-06-01 04:36:00,16,LOW,12,0,False,False
2026-06-01 04:39:00,26,MEDIUM,24,0,True,False
2026-06-01 01:34:00,18,LOW,11,0,False,False
2026-06-01 01:35:00,101,CRITICAL,135,1,True,True
2026-06-01 01:36:00,22,MEDIUM,18,0,True,False
2026-06-01 03:14:00,59,HIGH,58,1,True,False
2026-06-01 01:38:00,119,CRITICAL,106,2,True,False
2026-06-01 04:57:00,27,MEDIUM,12,1,False,False
2026-06-01 03:20:00,16,LOW,4,0,False,False
2026-06-01 01:41:00,14,LOW,11,0,False,False
2026-06-01 01:42:00,0,LOW,5,0,False,False
2026-06-01 05:09:00,8,LOW,8,0,False,False
2026-06-01 05:12:00,1,LOW,7,0,False,False
2026-06-01 03:30:00,41,MEDIUM,24,0,False,False
2026-06-01 01:46:00,8,LOW,7,0,False,False
2026-06-01 05:21:00,46,MEDIUM,28,1,True,False
2026-06-01 01:48:00,119,CRITICAL,147,4,True,True
2026-06-01 03:38:00,63,HIGH,20,2,False,True
2026-06-01 05:30:00,1,LOW,3,0,False,False
2026-06-01 05:33:00,0,LOW,8,0,False,False
2026-06-01 01:52:00,65,HIGH,51,0,False,True
2026-06-01 05:39:00,67,HIGH,37,0,True,False
2026-06-01 05:42:00,17,LOW,11,0,False,False
2026-06-01 03:50:00,19,LOW,3,0,False,False
2026-06-01 05:48:00,12,LOW,14,0,False,False
2026-06-01 01:57:00,54,HIGH,65,0,True,False
2026-06-01 03:56:00,10,LOW,6,0,False,False
2026-06-01 01:59:00,7,LOW,1,0,False,False
2026-06-01 02:00:00,28,MEDIUM,15,1,True,False
2026-06-01 06:03:00,18,LOW,8,0,False,False
2026-06-01 02:02:00,11,LOW,13,0,False,False
2026-06-01 04:06:00,18,LOW,4,0,False,False
2026-06-01 04:08:00,2,LOW,5,0,False,False
2026-06-01 06:15:00,24,MEDIUM,24,0,False,False
2026-06-01 06:18:00,85,CRITICAL,76,4,True,False
2026-06-01 04:14:00,91,CRITICAL,122,1,True,True
2026-06-01 06:24:00,127,CRITICAL,131,4,True,True
2026-06-01 02:09:00,4,LOW,0,0,False,False
2026-06-01 06:30:00,24,MEDIUM,15,0,False,False
2026-06-01 04:22:00,8,LOW,12,0,False,False
2026-06-01 02:12:00,19,LOW,13,0,False,False
2026-06-01 04:26:00,18,LOW,14,0,False,False
2026-06-01 06:42:00,1,LOW,6,0,False,False
2026-06-01 02:15:00,51,HIGH,59,0,False,False
2026-06-01 04:32:00,72,HIGH,25,1,True,False
2026-06-01 02:17:00,10,LOW,8,0,False,False
2026-06-01 06:54:00,70,HIGH,60,1,True,False
2026-06-01 06:57:00,6,LOW,15,0,False,False
2026-06-01 02:20:00,12,LOW,14,0,False,False
2026-06-01 07:03:00,22,MEDIUM,20,0,True,False
2026-06-01 07:06:00,15,LOW,11,0,False,False
2026-06-01 02:23:00,41,MEDIUM,25,1,True,False
2026-06-01 04:48:00,18,LOW,9,0,False,False
2026-06-01 07:15:00,120,CRITICAL,87,3,True,False
2026-06-01 07:18:00,12,LOW,9,0,False,False
2026-06-01 02:27:00,10,LOW,15,0,False,False
2026-06-01 02:28:00,30,MEDIUM,20,1,False,False
2026-06-01 07:27:00,3,LOW,6,0,False,False
2026-06-01 02:30:00,44,MEDIUM,13,1,False,False
2026-06-01 07:33:00,22,MEDIUM,14,0,False,False
2026-06-01 02:32:00,24,MEDIUM,21,1,True,False
2026-06-01 05:06:00,8,LOW,10,0,False,False
2026-06-01 05:08:00,62,HIGH,54,0,True,False
2026-06-01 07:45:00,53,HIGH,23,2,False,False
2026-06-01 07:48:00,128,CRITICAL,109,4,True,False
2026-06-01 05:14:00,23,MEDIUM,29,0,False,False
2026-06-01 05:16:00,21,MEDIUM,14,0,False,False
2026-06-01 05:18:00,29,MEDIUM,11,1,True,False
2026-06-01 08:00:00,29,MEDIUM,26,0,False,False
2026-06-01 05:22:00,112,CRITICAL,139,3,True,False
2026-06-01 02:42:00,45,MEDIUM,12,1,False,False
2026-06-01 05:26:00,16,LOW,2,0,False,False
2026-06-01 05:28:00,17,LOW,8,0,False,False
2026-06-01 08:15:00,13,LOW,5,0,False,False
2026-06-01 02:46:00,6,LOW,8,0,False,False
2026-06-01 08:21:00,118,CRITICAL,118,3,True,False
2026-06-01 08:24:00,10,LOW,1,0,False,False
2026-06-01 05:38:00,17,LOW,1,0,False,False
2026-06-01 05:40:00,20,MEDIUM,11,0,True,False
2026-06-01 05:42:00,32,MEDIUM,24,0,False,False
2026-06-01 02:52:00,11,LOW,9,0,False,False
2026-06-01 02:53:00,9,LOW,12,0,False,False
2026-06-01 02:54:00,95,CRITICAL,111,4,True,False
2026-06-01 05:50:00,120,CRITICAL,92,1,True,True
2026-06-01 02:56:00,60,HIGH,49,0,True,True
2026-06-01 05:54:00,30,MEDIUM,30,1,True,False
2026-06-01 05:56:00,6,LOW,7,0,False,False
2026-06-01 02:59:00,19,LOW,6,0,False,False
2026-06-01 09:00:00,28,MEDIUM,11,1,False,False
2026-06-01 09:03:00,41,MEDIUM,17,0,False,False
2026-06-01 03:02:00,61,HIGH,27,1,False,False
2026-06-01 09:09:00,14,LOW,4,0,False,False
2026-06-01 03:04:00,22,MEDIUM,16,0,False,False
2026-06-01 09:15:00,51,HIGH,70,1,False,True
2026-06-01 06:12:00,26,MEDIUM,25,1,True,False
2026-06-01 03:07:00,20,MEDIUM,23,0,True,False
2026-06-01 09:24:00,22,MEDIUM,16,1,False,False
2026-06-01 06:18:00,43,MEDIUM,23,0,False,False
2026-06-01 03:10:00,14,LOW,12,0,False,False
2026-06-01 03:11:00,30,MEDIUM,13,1,True,False
2026-06-01 09:36:00,18,LOW,11,0,False,False
2026-06-01 03:13:00,126,CRITICAL,149,3,True,True
2026-06-01 06:28:00,128,CRITICAL,122,3,True,False
2026-06-01 09:45:00,10,LOW,1,0,False,False
2026-06-01 03:16:00,22,MEDIUM,10,0,False,False
2026-06-01 09:51:00,17,LOW,13,0,False,False
2026-06-01 03:18:00,1,LOW,5,0,False,False
2026-06-01 03:19:00,25,MEDIUM,27,0,True,False
2026-06-01 06:40:00,11,LOW,5,0,False,False
2026-06-01 10:03:00,3,LOW,14,0,False,False
2026-06-01 03:22:00,122,CRITICAL,109,2,True,False
2026-06-01 06:46:00,65,HIGH,34,2,True,False
2026-06-01 03:24:00,18,LOW,1,0,False,False
2026-06-01 03:25:00,92,CRITICAL,75,2,True,False
2026-06-01 10:18:00,32,MEDIUM,21,0,False,False
2026-06-01 03:27:00,62,HIGH,41,2,True,False
2026-06-01 03:28:00,73,HIGH,29,1,False,False
2026-06-01 06:58:00,14,LOW,0,0,False,False
2026-06-01 07:00:00,14,LOW,5,0,False,False
2026-06-01 10:33:00,14,LOW,8,0,False,False
2026-06-01 03:32:00,20,MEDIUM,29,0,True,False
2026-06-01 10:39:00,63,HIGH,59,2,True,False
2026-06-01 03:34:00,1,LOW,15,0,False,False
2026-06-01 07:10:00,60,HIGH,25,0,True,False
2026-06-01 07:12:00,13,LOW,11,0,False,False
2026-06-01 07:14:00,41,MEDIUM,21,0,True,False
2026-06-01 10:54:00,19,LOW,6,0,False,False
2026-06-01 03:39:00,31,MEDIUM,17,0,False,False
2026-06-01 11:00:00,38,MEDIUM,20,0,True,False
2026-06-01 03:41:00,11,LOW,12,0,False,False
2026-06-01 07:24:00,26,MEDIUM,24,1,False,False
2026-06-01 03:43:00,34,MEDIUM,16,0,False,False
2026-06-01 03:44:00,27,MEDIUM,25,1,False,False
2026-06-01 03:45:00,76,HIGH,46,0,False,False
2026-06-01 11:18:00,0,LOW,8,0,False,False
2026-06-01 11:21:00,121,CRITICAL,62,3,True,False
2026-06-01 07:36:00,26,MEDIUM,27,1,False,False
2026-06-01 11:27:00,33,MEDIUM,12,1,False,False
2026-06-01 03:50:00,2,LOW,1,0,False,False
2026-06-01 11:33:00,11,LOW,14,0,False,False
2026-06-01 07:44:00,71,HIGH,45,1,True,False
2026-06-01 07:46:00,19,LOW,8,0,False,False
2026-06-01 11:42:00,32,MEDIUM,22,0,False,False
2026-06-01 11:45:00,58,HIGH,20,0,False,False
2026-06-01 07:52:00,5,LOW,1,0,False,False
2026-06-01 03:57:00,27,MEDIUM,19,0,False,False
2026-06-01 03:58:00,23,MEDIUM,23,1,False,False
2026-06-01 03:59:00,20,MEDIUM,30,1,False,False
2026-06-01 12:00:00,38,MEDIUM,12,0,False,False
2026-06-01 04:01:00,20,MEDIUM,21,0,False,False
2026-06-01 04:02:00,10,LOW,14,0,False,False
2026-06-01 12:09:00,55,HIGH,24,1,False,False
2026-06-01 08:08:00,25,MEDIUM,11,1,False,False
2026-06-01 12:15:00,38,MEDIUM,13,0,True,False
2026-06-01 12:18:00,40,MEDIUM,13,1,False,False
2026-06-01 12:21:00,1,LOW,7,0,False,False
2026-06-01 04:08:00,14,LOW,9,0,False,False
2026-06-01 12:27:00,32,MEDIUM,11,0,False,False
2026-06-01 04:10:00,124,CRITICAL,102,1,True,True
2026-06-01 12:33:00,14,LOW,9,0,False,False
2026-06-01 08:24:00,28,MEDIUM,30,1,False,False
2026-06-01 12:39:00,12,LOW,2,0,False,False
2026-06-01 08:28:00,100,CRITICAL,115,1,True,True
2026-06-01 04:15:00,42,MEDIUM,19,1,False,False
2026-06-01 12:48:00,61,HIGH,55,2,True,False
2026-06-01 12:51:00,65,HIGH,63,1,True,False
2026-06-01 12:54:00,12,LOW,6,0,False,False
2026-06-01 08:38:00,7,LOW,12,0,False,False
2026-06-01 13:00:00,4,LOW,1,0,False,False
2026-06-01 04:21:00,17,LOW,4,0,False,False
2026-06-01 08:44:00,28,MEDIUM,25,0,False,False
2026-06-01 04:23:00,70,HIGH,57,1,True,False
2026-06-01 04:24:00,83,CRITICAL,150,2,True,False
2026-06-01 13:15:00,62,HIGH,37,2,True,True
2026-06-01 08:52:00,49,MEDIUM,13,1,False,False
2026-06-01 13:21:00,29,MEDIUM,24,1,False,False
2026-06-01 04:28:00,29,MEDIUM,22,0,False,False
2026-06-01 04:29:00,1,LOW,13,0,False,False
2026-06-01 13:30:00,18,LOW,11,0,False,False
2026-06-01 04:31:00,1,LOW,4,0,False,False
2026-06-01 04:32:00,128,CRITICAL,73,1,True,True
2026-06-01 13:39:00,45,MEDIUM,30,1,True,False
2026-06-01 09:08:00,126,CRITICAL,97,3,True,True
2026-06-01 04:35:00,63,HIGH,65,2,False,True
2026-06-01 13:48:00,2,LOW,12,0,False,False
2026-06-01 13:51:00,104,CRITICAL,86,2,True,True
2026-06-01 13:54:00,99,CRITICAL,72,3,True,True
2026-06-01 04:39:00,47,MEDIUM,17,0,False,False
2026-06-01 14:00:00,10,LOW,13,0,False,False
2026-06-01 14:03:00,63,HIGH,35,2,True,False
2026-06-01 14:06:00,66,HIGH,20,0,False,False
2026-06-01 04:43:00,37,MEDIUM,25,0,False,False
2026-06-01 09:28:00,112,CRITICAL,105,3,True,True
2026-06-01 04:45:00,63,HIGH,44,0,False,True
2026-06-01 04:46:00,34,MEDIUM,22,1,False,False
2026-06-01 09:34:00,15,LOW,2,0,False,False
2026-06-01 14:24:00,61,HIGH,45,0,True,False
2026-06-01 14:27:00,31,MEDIUM,30,0,True,False
2026-06-01 14:30:00,14,LOW,8,0,False,False
2026-06-01 09:42:00,110,CRITICAL,69,3,True,False
2026-06-01 04:52:00,59,HIGH,61,2,True,True
2026-06-01 09:46:00,69,HIGH,23,0,True,False
2026-06-01 09:48:00,44,MEDIUM,16,1,False,False
2026-06-01 04:55:00,51,HIGH,44,1,False,False
2026-06-01 09:52:00,67,HIGH,24,1,False,False
2026-06-01 04:57:00,9,LOW,15,0,False,False
2026-06-01 14:54:00,44,MEDIUM,11,1,False,False
2026-06-01 14:57:00,78,HIGH,39,0,False,False
2026-06-01 15:00:00,50,HIGH,64,2,False,True
2026-06-01 05:01:00,63,HIGH,42,1,True,True
2026-06-01 10:04:00,9,LOW,0,0,False,False
2026-06-01 15:09:00,41,MEDIUM,18,0,False,False
2026-06-01 05:04:00,2,LOW,8,0,False,False
2026-06-01 10:10:00,75,HIGH,37,1,False,True
2026-06-01 05:06:00,21,MEDIUM,26,1,False,False
2026-06-01 10:14:00,72,HIGH,46,2,False,False
2026-06-01 05:08:00,9,LOW,8,0,False,False
2026-06-01 10:18:00,37,MEDIUM,13,0,True,False
2026-06-01 15:30:00,31,MEDIUM,26,0,True,False
2026-06-01 10:22:00,0,LOW,0,0,False,False
2026-06-01 15:36:00,50,HIGH,63,2,False,False
2026-06-01 05:13:00,33,MEDIUM,11,0,True,False
2026-06-01 05:14:00,57,HIGH,59,2,False,False
2026-06-01 05:15:00,18,LOW,2,0,False,False
2026-06-01 15:48:00,48,MEDIUM,13,0,False,False
2026-06-01 10:34:00,33,MEDIUM,26,1,False,False
2026-06-01 05:18:00,12,LOW,2,0,False,False
2026-06-01 15:57:00,39,MEDIUM,29,0,False,False
2026-06-01 16:00:00,32,MEDIUM,28,0,False,False
2026-06-01 16:03:00,8,LOW,10,0,False,False
2026-06-01 05:22:00,42,MEDIUM,17,0,False,False
2026-06-01 10:46:00,7,LOW,13,0,False,False
2026-06-01 16:12:00,2,LOW,0,0,False,False
2026-06-01 05:25:00,55,HIGH,21,2,False,False
2026-06-01 16:18:00,4,LOW,10,0,False,False
2026-06-01 05:27:00,124,CRITICAL,149,1,True,False
2026-06-01 16:24:00,14,LOW,2,0,False,False
2026-06-01 16:27:00,55,HIGH,29,2,True,True
2026-06-01 16:30:00,9,LOW,6,0,False,False
2026-06-01 11:02:00,3,LOW,2,0,False,False
2026-06-01 11:04:00,9,LOW,9,0,False,False
2026-06-01 16:39:00,16,LOW,8,0,False,False
2026-06-01 11:08:00,4,LOW,2,0,False,False
2026-06-01 11:10:00,11,LOW,9,0,False,False
2026-06-01 16:48:00,109,CRITICAL,97,2,True,True
2026-06-01 16:51:00,107,CRITICAL,70,4,True,True
2026-06-01 11:16:00,0,LOW,10,0,False,False
2026-06-01 16:57:00,10,LOW,11,0,False,False
2026-06-01 17:00:00,19,LOW,12,0,False,False
2026-06-01 11:22:00,27,MEDIUM,24,0,False,False
2026-06-01 11:24:00,65,HIGH,63,0,False,False
2026-06-01 05:43:00,33,MEDIUM,21,1,False,False
2026-06-01 05:44:00,63,HIGH,46,0,False,False
2026-06-01 05:45:00,14,LOW,13,0,False,False
2026-06-01 17:18:00,41,MEDIUM,26,0,True,False
2026-06-01 11:34:00,42,MEDIUM,15,1,False,False
2026-06-01 05:48:00,4,LOW,6,0,False,False
2026-06-01 17:27:00,77,HIGH,42,1,False,True
2026-06-01 11:40:00,27,MEDIUM,15,0,False,False
2026-06-01 11:42:00,13,LOW,9,0,False,False
2026-06-01 17:36:00,26,MEDIUM,19,1,True,False
2026-06-01 17:39:00,34,MEDIUM,12,0,False,False
2026-06-01 17:42:00,30,MEDIUM,21,1,False,False
2026-06-01 05:55:00,38,MEDIUM,21,0,True,False
2026-06-01 11:52:00,19,LOW,5,0,False,False
2026-06-01 17:51:00,16,LOW,11,0,False,False
2026-06-01 17:54:00,32,MEDIUM,13,0,False,False
2026-06-01 05:59:00,16,LOW,4,0,False,False
2026-06-01 06:00:00,3,LOW,4,0,False,False
2026-06-01 06:01:00,8,LOW,0,0,False,False
2026-06-01 12:04:00,3,LOW,7,0,False,False
2026-06-01 18:09:00,1,LOW,11,0,False,False
2026-06-01 06:04:00,16,LOW,6,0,False,False
2026-06-01 18:15:00,48,MEDIUM,16,1,False,False
2026-06-01 12:12:00,112,CRITICAL,75,2,True,True
2026-06-01 06:07:00,30,MEDIUM,21,0,False,False
2026-06-01 18:24:00,1,LOW,3,0,False,False
2026-06-01 12:18:00,36,MEDIUM,12,0,False,False
2026-06-01 18:30:00,60,HIGH,68,0,True,False
2026-06-01 18:33:00,1,LOW,15,0,False,False
2026-06-01 18:36:00,17,LOW,14,0,False,False
2026-06-01 12:26:00,61,HIGH,70,2,False,False
2026-06-01 06:14:00,44,MEDIUM,19,1,False,False
2026-06-01 18:45:00,16,LOW,12,0,False,False
2026-06-01 06:16:00,32,MEDIUM,16,1,True,False
2026-06-01 06:17:00,61,HIGH,63,0,False,False
2026-06-01 18:54:00,37,MEDIUM,21,0,True,False
2026-06-01 12:38:00,4,LOW,9,0,False,False
2026-06-01 12:40:00,44,MEDIUM,14,0,False,False
2026-06-01 19:03:00,17,LOW,4,0,False,False
2026-06-01 06:22:00,9,LOW,12,0,False,False
2026-06-01 12:46:00,18,LOW,2,0,False,False
2026-06-01 06:24:00,69,HIGH,59,0,True,True
2026-06-01 19:15:00,7,LOW,8,0,False,False
2026-06-01 19:18:00,5,LOW,4,0,False,False
2026-06-01 06:27:00,66,HIGH,24,0,True,True
2026-06-01 06:28:00,47,MEDIUM,15,1,False,False
2026-06-01 19:27:00,79,HIGH,59,2,True,False
2026-06-01 13:00:00,37,MEDIUM,10,0,False,False
2026-06-01 19:33:00,30,MEDIUM,15,1,False,False
2026-06-01 19:36:00,74,HIGH,50,0,False,False
2026-06-01 13:06:00,72,HIGH,41,1,True,False
2026-06-01 06:34:00,9,LOW,3,0,False,False
2026-06-01 19:45:00,13,LOW,12,0,False,False
2026-06-01 19:48:00,13,LOW,10,0,False,False
2026-06-01 19:51:00,23,MEDIUM,20,1,True,False
2026-06-01 06:38:00,17,LOW,5,0,False,False
2026-06-01 19:57:00,53,HIGH,60,1,False,False
2026-06-01 20:00:00,13,LOW,11,0,False,False
2026-06-01 20:03:00,36,MEDIUM,18,1,True,False
2026-06-01 06:42:00,4,LOW,5,0,False,False
2026-06-01 06:43:00,51,HIGH,50,1,False,True
2026-06-01 20:12:00,67,HIGH,43,2,False,False
2026-06-01 20:15:00,14,LOW,5,0,False,False
2026-06-01 06:46:00,39,MEDIUM,30,1,False,False
2026-06-01 20:21:00,15,LOW,6,0,False,False
2026-06-01 13:36:00,0,LOW,5,0,False,False
2026-06-01 13:38:00,93,CRITICAL,91,3,True,True
2026-06-01 13:40:00,7,LOW,15,0,False,False
2026-06-01 13:42:00,15,LOW,12,0,False,False
2026-06-01 13:44:00,12,LOW,13,0,False,False
2026-06-01 13:46:00,57,HIGH,39,1,True,False
2026-06-01 20:42:00,94,CRITICAL,81,1,True,False
2026-06-01 13:50:00,119,CRITICAL,116,2,True,True
2026-06-01 06:56:00,19,LOW,1,0,False,False
2026-06-01 20:51:00,76,HIGH,64,1,True,True
2026-06-01 06:58:00,37,MEDIUM,18,0,False,False
2026-06-01 13:58:00,19,LOW,6,0,False,False
2026-06-01 07:00:00,11,LOW,11,0,False,False
2026-06-01 21:03:00,16,LOW,7,0,False,False
2026-06-01 21:06:00,20,MEDIUM,19,1,True,False
2026-06-01 14:06:00,16,LOW,4,0,False,False
2026-06-01 21:12:00,16,LOW,8,0,False,False
2026-06-01 21:15:00,43,MEDIUM,20,0,True,False
2026-06-01 14:12:00,53,HIGH,26,1,True,False
2026-06-01 07:07:00,101,CRITICAL,108,2,True,True
2026-06-01 14:16:00,32,MEDIUM,21,0,False,False
2026-06-01 14:18:00,6,LOW,3,0,False,False
2026-06-01 14:20:00,18,LOW,15,0,False,False
2026-06-01 21:33:00,1,LOW,14,0,False,False
2026-06-01 14:24:00,31,MEDIUM,14,1,True,False
2026-06-01 07:13:00,7,LOW,14,0,False,False
2026-06-01 14:28:00,37,MEDIUM,13,0,True,False
2026-06-01 21:45:00,46,MEDIUM,27,1,False,False
2026-06-01 07:16:00,17,LOW,7,0,False,False
2026-06-01 21:51:00,13,LOW,15,0,False,False
2026-06-01 14:36:00,15,LOW,11,0,False,False
2026-06-01 21:57:00,71,HIGH,26,0,True,False
2026-06-01 14:40:00,37,MEDIUM,29,1,True,False
2026-06-01 22:03:00,89,CRITICAL,94,2,True,True
2026-06-01 14:44:00,46,MEDIUM,26,0,True,False
2026-06-01 14:46:00,3,LOW,9,0,False,False
2026-06-01 07:24:00,76,HIGH,31,1,False,True
2026-06-01 07:25:00,5,LOW,4,0,False,False
2026-06-01 07:26:00,5,LOW,2,0,False,False
2026-06-01 14:54:00,88,CRITICAL,145,3,True,True
2026-06-01 07:28:00,46,MEDIUM,24,1,False,False
2026-06-01 07:29:00,71,HIGH,38,2,True,False
2026-06-01 07:30:00,66,HIGH,47,1,True,False
2026-06-01 22:33:00,17,LOW,1,0,False,False
2026-06-01 15:04:00,22,MEDIUM,15,1,False,False
2026-06-01 15:06:00,43,MEDIUM,11,1,True,False
2026-06-01 22:42:00,41,MEDIUM,12,0,True,False
2026-06-01 22:45:00,48,MEDIUM,12,1,True,False
2026-06-01 22:48:00,3,LOW,4,0,False,False
2026-06-01 07:37:00,37,MEDIUM,20,0,True,False
2026-06-01 22:54:00,14,LOW,15,0,False,False
2026-06-01 22:57:00,0,LOW,9,0,False,False
2026-06-01 15:20:00,24,MEDIUM,27,1,False,False
2026-06-01 07:41:00,4,LOW,13,0,False,False
2026-06-01 15:24:00,8,LOW,0,0,False,False
2026-06-01 07:43:00,16,LOW,4,0,False,False
2026-06-01 23:12:00,45,MEDIUM,16,0,False,False
2026-06-01 15:30:00,7,LOW,4,0,False,False
2026-06-01 15:32:00,5,LOW,2,0,False,False
2026-06-01 15:34:00,4,LOW,1,0,False,False
2026-06-01 23:24:00,38,MEDIUM,25,1,True,False
2026-06-01 23:27:00,73,HIGH,69,1,False,False
2026-06-01 15:40:00,1,LOW,5,0,False,False
2026-06-01 07:51:00,8,LOW,1,0,False,False
2026-06-01 15:44:00,56,HIGH,27,1,False,False
2026-06-01 07:53:00,11,LOW,6,0,False,False
2026-06-01 23:42:00,47,MEDIUM,12,1,True,False
2026-06-01 07:55:00,22,MEDIUM,25,1,True,False
2026-06-01 07:56:00,75,HIGH,44,0,False,True
2026-06-01 15:54:00,5,LOW,1,0,False,False
2026-06-01 23:54:00,19,LOW,10,0,False,False
2026-06-01 15:58:00,0,LOW,4,0,False,False
2026-06-02 00:00:00,44,MEDIUM,30,0,True,False
2026-06-01 08:01:00,1,LOW,5,0,False,False
2026-06-01 08:02:00,94,CRITICAL,64,2,True,True
2026-06-01 16:06:00,77,HIGH,53,0,False,False
2026-06-01 08:04:00,11,LOW,8,0,False,False
2026-06-01 08:05:00,1,LOW,14,0,False,False
2026-06-01 16:12:00,20,MEDIUM,30,0,True,False
2026-06-01 16:14:00,4,LOW,6,0,False,False
2026-06-01 08:08:00,2,LOW,10,0,False,False
2026-06-01 16:18:00,12,LOW,3,0,False,False
2026-06-01 16:20:00,53,HIGH,59,2,True,False
2026-06-01 16:22:00,6,LOW,6,0,False,False
2026-06-01 08:12:00,107,CRITICAL,119,3,True,False
2026-06-02 00:39:00,48,MEDIUM,21,0,True,False
2026-06-01 16:28:00,12,LOW,7,0,False,False
2026-06-01 08:15:00,43,MEDIUM,17,0,False,False
2026-06-02 00:48:00,12,LOW,5,0,False,False
2026-06-01 16:34:00,18,LOW,15,0,False,False
2026-06-01 16:36:00,58,HIGH,63,2,True,False
2026-06-01 16:38:00,18,LOW,11,0,False,False
2026-06-01 08:20:00,26,MEDIUM,19,0,True,False
2026-06-01 08:21:00,13,LOW,13,0,False,False
2026-06-01 08:22:00,32,MEDIUM,16,1,True,False
2026-06-02 01:09:00,6,LOW,3,0,False,False
2026-06-01 08:24:00,19,LOW,1,0,False,False
2026-06-01 08:25:00,85,CRITICAL,109,3,True,True
2026-06-01 08:26:00,31,MEDIUM,10,1,False,False
2026-06-02 01:21:00,59,HIGH,57,1,True,True
2026-06-02 01:24:00,89,CRITICAL,95,1,True,True
2026-06-01 16:58:00,24,MEDIUM,22,0,True,False
2026-06-01 08:30:00,59,HIGH,64,2,True,False
2026-06-01 17:02:00,6,LOW,2,0,False,False
2026-06-01 08:32:00,66,HIGH,24,0,True,False
2026-06-02 01:39:00,19,LOW,13,0,False,False
2026-06-01 08:34:00,6,LOW,2,0,False,False
2026-06-01 08:35:00,3,LOW,2,0,False,False
2026-06-01 08:36:00,44,MEDIUM,18,0,True,False
2026-06-01 17:14:00,65,HIGH,55,2,False,True
2026-06-02 01:54:00,29,MEDIUM,21,1,True,False
2026-06-01 08:39:00,4,LOW,4,0,False,False
2026-06-01 08:40:00,54,HIGH,34,0,False,False
2026-06-02 02:03:00,57,HIGH,49,0,False,True
2026-06-01 17:24:00,28,MEDIUM,14,1,False,False
2026-06-02 02:09:00,4,LOW,13,0,False,False
2026-06-01 17:28:00,33,MEDIUM,20,0,False,False
2026-06-01 17:30:00,18,LOW,6,0,False,False
2026-06-01 17:32:00,15,LOW,9,0,False,False
2026-06-02 02:21:00,1,LOW,5,0,False,False
2026-06-01 08:48:00,7,LOW,8,0,False,False
2026-06-01 17:38:00,40,MEDIUM,12,0,False,False
2026-06-01 17:40:00,17,LOW,8,0,False,False
2026-06-01 08:51:00,7,LOW,1,0,False,False
2026-06-01 17:44:00,7,LOW,12,0,False,False
2026-06-02 02:39:00,22,MEDIUM,22,0,False,False
2026-06-02 02:42:00,42,MEDIUM,22,1,False,False
2026-06-01 17:50:00,8,LOW,12,0,False,False
2026-06-01 17:52:00,34,MEDIUM,15,1,False,False
2026-06-02 02:51:00,3,LOW,10,0,False,False
2026-06-01 17:56:00,6,LOW,0,0,False,False
2026-06-02 02:57:00,23,MEDIUM,12,1,False,False
2026-06-01 18:00:00,63,HIGH,31,0,True,False
2026-06-01 18:02:00,15,LOW,6,0,False,False
2026-06-01 18:04:00,46,MEDIUM,12,0,False,False
2026-06-02 03:09:00,71,HIGH,58,1,False,True
2026-06-01 09:04:00,53,HIGH,66,1,True,False
2026-06-02 03:15:00,5,LOW,4,0,False,False
2026-06-01 09:06:00,14,LOW,4,0,False,False
2026-06-02 03:21:00,70,HIGH,58,0,False,False
2026-06-01 18:16:00,87,CRITICAL,66,3,True,True
2026-06-02 03:27:00,40,MEDIUM,16,1,False,False
2026-06-02 03:30:00,25,MEDIUM,24,1,False,False
2026-06-02 03:33:00,34,MEDIUM,14,0,True,False
2026-06-01 18:24:00,18,LOW,6,0,False,False
2026-06-01 09:13:00,15,LOW,6,0,False,False
2026-06-02 03:42:00,13,LOW,14,0,False,False
2026-06-02 03:45:00,36,MEDIUM,27,0,True,False
2026-06-01 09:16:00,60,HIGH,53,2,True,True
2026-06-01 18:34:00,13,LOW,5,0,False,False
2026-06-02 03:54:00,36,MEDIUM,16,0,False,False
2026-06-02 03:57:00,78,HIGH,26,2,True,False
2026-06-02 04:00:00,17,LOW,1,0,False,False
2026-06-01 09:21:00,42,MEDIUM,15,0,True,False
2026-06-01 18:44:00,7,LOW,14,0,False,False
2026-06-01 18:46:00,15,LOW,3,0,False,False
2026-06-02 04:12:00,7,LOW,9,0,False,False
2026-06-01 18:50:00,102,CRITICAL,92,4,True,False
2026-06-01 09:26:00,7,LOW,11,0,False,False
2026-06-02 04:21:00,124,CRITICAL,141,3,True,False
2026-06-01 09:28:00,8,LOW,6,0,False,False
2026-06-02 04:27:00,39,MEDIUM,26,0,False,False
2026-06-01 09:30:00,8,LOW,13,0,False,False
2026-06-02 04:33:00,3,LOW,4,0,False,False
2026-06-02 04:36:00,6,LOW,4,0,False,False
2026-06-01 19:06:00,50,HIGH,38,0,False,True
2026-06-01 09:34:00,19,LOW,5,0,False,False
2026-06-02 04:45:00,73,HIGH,68,1,False,False
2026-06-01 09:36:00,6,LOW,0,0,False,False
2026-06-02 04:51:00,70,HIGH,60,0,False,True
2026-06-01 09:38:00,64,HIGH,29,1,True,False
2026-06-01 09:39:00,52,HIGH,22,0,True,False
2026-06-01 09:40:00,5,LOW,14,0,False,False
2026-06-01 09:41:00,30,MEDIUM,24,0,False,False
2026-06-01 09:42:00,24,MEDIUM,22,0,False,False
2026-06-01 19:26:00,26,MEDIUM,17,1,True,False
2026-06-02 05:12:00,2,LOW,1,0,False,False
2026-06-02 05:15:00,2,LOW,14,0,False,False
2026-06-01 19:32:00,11,LOW,12,0,False,False
2026-06-01 09:47:00,59,HIGH,20,0,True,True
2026-06-02 05:24:00,64,HIGH,66,1,True,False
2026-06-01 09:49:00,63,HIGH,38,0,False,True
2026-06-01 09:50:00,62,HIGH,39,0,True,False
2026-06-02 05:33:00,67,HIGH,57,0,False,False
2026-06-02 05:36:00,15,LOW,6,0,False,False
2026-06-01 09:53:00,31,MEDIUM,27,0,False,False
2026-06-01 19:48:00,29,MEDIUM,20,1,False,False
2026-06-01 19:50:00,5,LOW,1,0,False,False
2026-06-02 05:48:00,70,HIGH,61,1,True,True
2026-06-02 05:51:00,19,LOW,4,0,False,False
2026-06-01 09:58:00,74,HIGH,26,2,False,True
2026-06-01 09:59:00,58,HIGH,63,0,False,False
2026-06-01 20:00:00,7,LOW,11,0,False,False
2026-06-02 06:03:00,30,MEDIUM,21,1,False,False
2026-06-01 20:04:00,3,LOW,11,0,False,False
2026-06-01 20:06:00,53,HIGH,20,2,False,True
2026-06-01 10:04:00,20,MEDIUM,23,1,True,False
2026-06-01 20:10:00,120,CRITICAL,135,2,True,True
2026-06-02 06:18:00,79,HIGH,47,1,False,True
2026-06-02 06:21:00,57,HIGH,61,1,True,False
2026-06-01 20:16:00,3,LOW,0,0,False,False
2026-06-01 20:18:00,49,MEDIUM,19,1,False,False
2026-06-02 06:30:00,35,MEDIUM,28,1,False,False
2026-06-01 20:22:00,10,LOW,14,0,False,False
2026-06-01 20:24:00,112,CRITICAL,121,2,True,True
2026-06-01 20:26:00,64,HIGH,58,2,False,False
2026-06-01 10:14:00,15,LOW,0,0,False,False
2026-06-01 20:30:00,41,MEDIUM,23,1,False,False
2026-06-02 06:48:00,14,LOW,0,0,False,False
2026-06-02 06:51:00,58,HIGH,31,2,True,False
2026-06-01 10:18:00,129,CRITICAL,107,1,True,True
2026-06-01 10:19:00,125,CRITICAL,102,2,True,True
2026-06-01 10:20:00,1,LOW,1,0,False,False
2026-06-02 07:03:00,47,MEDIUM,17,1,True,False
2026-06-01 10:22:00,0,LOW,1,0,False,False
2026-06-01 20:46:00,4,LOW,4,0,False,False
2026-06-01 20:48:00,69,HIGH,35,0,False,False
2026-06-01 10:25:00,4,LOW,0,0,False,False
2026-06-01 10:26:00,15,LOW,3,0,False,False
2026-06-01 20:54:00,38,MEDIUM,28,0,False,False
2026-06-01 20:56:00,46,MEDIUM,25,0,True,False
2026-06-01 10:29:00,17,LOW,6,0,False,False
2026-06-02 07:30:00,5,LOW,14,0,False,False
2026-06-01 21:02:00,48,MEDIUM,18,0,False,False
2026-06-01 21:04:00,18,LOW,2,0,False,False
2026-06-01 21:06:00,2,LOW,2,0,False,False
2026-06-02 07:42:00,1,LOW,10,0,False,False
2026-06-02 07:45:00,9,LOW,0,0,False,False
2026-06-01 21:12:00,17,LOW,3,0,False,False
2026-06-02 07:51:00,29,MEDIUM,19,0,False,False
2026-06-01 21:16:00,41,MEDIUM,18,0,True,False
2026-06-01 10:39:00,94,CRITICAL,76,4,True,False
2026-06-01 10:40:00,52,HIGH,28,2,True,False
2026-06-01 10:41:00,7,LOW,5,0,False,False
2026-06-01 10:42:00,53,HIGH,23,2,True,False
2026-06-02 08:09:00,58,HIGH,38,0,False,True
2026-06-01 21:28:00,49,MEDIUM,14,0,False,False
2026-06-01 10:45:00,78,HIGH,29,1,True,False
2026-06-01 10:46:00,29,MEDIUM,30,0,False,False
2026-06-01 10:47:00,23,MEDIUM,22,1,False,False
2026-06-01 21:36:00,72,HIGH,44,2,False,True
2026-06-01 21:38:00,5,LOW,4,0,False,False
2026-06-01 21:40:00,8,LOW,7,0,False,False
2026-06-02 08:33:00,21,MEDIUM,27,1,False,False
2026-06-01 10:52:00,4,LOW,7,0,False,False
2026-06-02 08:39:00,58,HIGH,47,1,True,False
2026-06-01 21:48:00,40,MEDIUM,26,1,False,False
2026-06-01 10:55:00,57,HIGH,51,1,True,False
2026-06-01 21:52:00,54,HIGH,22,2,True,True
2026-06-01 10:57:00,34,MEDIUM,23,1,False,False
2026-06-01 10:58:00,1,LOW,5,0,False,False
2026-06-02 08:57:00,76,HIGH,46,2,True,False
2026-06-01 11:00:00,65,HIGH,24,2,False,False
2026-06-01 22:02:00,13,LOW,6,0,False,False
2026-06-01 11:02:00,18,LOW,11,0,False,False
2026-06-02 09:09:00,50,HIGH,67,2,True,False
2026-06-02 09:12:00,105,CRITICAL,103,4,True,False
2026-06-02 09:15:00,14,LOW,1,0,False,False
2026-06-01 11:06:00,62,HIGH,44,2,False,True
2026-06-01 11:07:00,46,MEDIUM,24,1,True,False
2026-06-02 09:24:00,7,LOW,14,0,False,False
2026-06-02 09:27:00,8,LOW,12,0,False,False
2026-06-01 22:20:00,17,LOW,12,0,False,False
2026-06-02 09:33:00,49,MEDIUM,29,1,False,False
2026-06-02 09:36:00,38,MEDIUM,11,0,False,False
2026-06-01 22:26:00,53,HIGH,67,1,True,False
2026-06-01 22:28:00,43,MEDIUM,26,0,True,False
2026-06-01 22:30:00,35,MEDIUM,24,0,False,False
2026-06-02 09:48:00,15,LOW,7,0,False,False
2026-06-02 09:51:00,10,LOW,5,0,False,False
2026-06-02 09:54:00,11,LOW,8,0,False,False
2026-06-02 09:57:00,12,LOW,4,0,False,False
2026-06-01 11:20:00,12,LOW,6,0,False,False
2026-06-01 22:42:00,80,CRITICAL,84,2,True,False
2026-06-01 11:22:00,50,HIGH,49,0,False,False
2026-06-01 11:23:00,6,LOW,13,0,False,False
2026-06-01 22:48:00,26,MEDIUM,17,1,False,False
2026-06-01 11:25:00,57,HIGH,43,2,True,False
2026-06-01 11:26:00,74,HIGH,59,1,True,False
2026-06-01 11:27:00,43,MEDIUM,13,0,False,False
2026-06-02 10:24:00,73,HIGH,59,0,False,False
2026-06-02 10:27:00,26,MEDIUM,14,0,True,False
2026-06-01 23:00:00,52,HIGH,57,2,True,True
2026-06-01 11:31:00,9,LOW,6,0,False,False
2026-06-01 23:04:00,21,MEDIUM,11,1,False,False
2026-06-01 11:33:00,19,LOW,12,0,False,False
2026-06-01 23:08:00,41,MEDIUM,11,1,False,False
2026-06-01 23:10:00,37,MEDIUM,27,0,False,False
2026-06-01 11:36:00,113,CRITICAL,80,3,True,True
2026-06-01 11:37:00,9,LOW,12,0,False,False
2026-06-02 10:54:00,31,MEDIUM,27,0,False,False
2026-06-01 11:39:00,72,HIGH,69,0,True,True
2026-06-01 11:40:00,28,MEDIUM,25,1,False,False
2026-06-02 11:03:00,32,MEDIUM,13,0,False,False
2026-06-01 23:24:00,56,HIGH,25,1,False,False
2026-06-01 11:43:00,35,MEDIUM,21,0,False,False
2026-06-01 23:28:00,65,HIGH,69,1,True,True
2026-06-01 11:45:00,84,CRITICAL,122,1,True,True
2026-06-01 11:46:00,93,CRITICAL,83,3,True,False
2026-06-02 11:21:00,16,LOW,11,0,False,False
2026-06-01 11:48:00,4,LOW,5,0,False,False
2026-06-02 11:27:00,97,CRITICAL,73,1,True,True
2026-06-02 11:30:00,1,LOW,10,0,False,False
2026-06-02 11:33:00,63,HIGH,43,1,True,False
2026-06-02 11:36:00,20,MEDIUM,26,0,False,False
2026-06-01 11:53:00,33,MEDIUM,14,1,False,False
2026-06-02 11:42:00,19,LOW,2,0,False,False
2026-06-02 11:45:00,123,CRITICAL,117,4,True,False
2026-06-02 11:48:00,19,LOW,1,0,False,False
2026-06-01 11:57:00,31,MEDIUM,22,1,True,False
2026-06-02 11:54:00,52,HIGH,64,2,False,False
2026-06-01 11:59:00,46,MEDIUM,15,0,False,False
2026-06-02 00:00:00,5,LOW,11,0,False,False
2026-06-02 00:02:00,42,MEDIUM,15,0,False,False
2026-06-02 12:06:00,50,HIGH,29,1,True,False
2026-06-02 12:09:00,35,MEDIUM,19,0,False,False
2026-06-02 12:12:00,7,LOW,13,0,False,False
2026-06-01 12:05:00,24,MEDIUM,11,1,True,False
2026-06-02 12:18:00,30,MEDIUM,30,1,False,False
2026-06-01 12:07:00,11,LOW,10,0,False,False
2026-06-02 12:24:00,30,MEDIUM,19,0,False,False
2026-06-02 00:18:00,7,LOW,4,0,False,False
2026-06-02 00:20:00,31,MEDIUM,23,0,False,False
2026-06-01 12:11:00,3,LOW,15,0,False,False
2026-06-02 12:36:00,10,LOW,2,0,False,False
2026-06-02 00:26:00,105,CRITICAL,106,3,True,True
2026-06-01 12:14:00,46,MEDIUM,30,0,False,False
2026-06-02 12:45:00,43,MEDIUM,14,0,False,False
2026-06-02 12:48:00,54,HIGH,44,0,True,True
2026-06-02 12:51:00,7,LOW,6,0,False,False
2026-06-02 00:36:00,16,LOW,14,0,False,False
2026-06-02 12:57:00,17,LOW,2,0,False,False
2026-06-02 13:00:00,2,LOW,14,0,False,False
2026-06-02 13:03:00,41,MEDIUM,11,1,False,False
2026-06-02 13:06:00,68,HIGH,68,2,True,False
2026-06-01 12:23:00,72,HIGH,37,1,True,True
2026-06-01 12:24:00,13,LOW,5,0,False,False
2026-06-01 12:25:00,29,MEDIUM,15,1,False,False
2026-06-02 13:18:00,19,LOW,15,0,False,False
2026-06-02 00:54:00,45,MEDIUM,11,1,True,False
2026-06-02 00:56:00,130,CRITICAL,124,3,True,True
2026-06-02 00:58:00,44,MEDIUM,16,1,False,False
2026-06-02 01:00:00,27,MEDIUM,23,0,False,False
2026-06-02 13:33:00,67,HIGH,37,1,False,True
2026-06-02 13:36:00,2,LOW,15,0,False,False
2026-06-01 12:33:00,95,CRITICAL,135,2,True,False
2026-06-01 12:34:00,5,LOW,2,0,False,False
2026-06-02 01:10:00,53,HIGH,51,0,True,True
2026-06-02 13:48:00,34,MEDIUM,19,1,False,False
2026-06-02 13:51:00,63,HIGH,48,2,True,True
2026-06-01 12:38:00,18,LOW,8,0,False,False
2026-06-02 01:18:00,0,LOW,6,0,False,False
2026-06-02 01:20:00,12,LOW,0,0,False,False
2026-06-02 14:03:00,50,HIGH,44,2,True,False
2026-06-02 01:24:00,29,MEDIUM,28,0,True,False
2026-06-01 12:43:00,57,HIGH,51,1,False,False
2026-06-02 14:12:00,4,LOW,9,0,False,False
2026-06-02 01:30:00,111,CRITICAL,71,3,True,True
2026-06-02 01:32:00,49,MEDIUM,27,0,False,False
2026-06-01 12:47:00,66,HIGH,66,0,True,False
2026-06-02 14:24:00,16,LOW,15,0,False,False
2026-06-02 01:38:00,10,LOW,15,0,False,False
2026-06-02 14:30:00,57,HIGH,70,2,False,False
2026-06-02 01:42:00,5,LOW,12,0,False,False
2026-06-01 12:52:00,22,MEDIUM,24,1,False,False
2026-06-02 14:39:00,91,CRITICAL,149,2,True,True
2026-06-02 01:48:00,60,HIGH,48,0,False,False
2026-06-02 01:50:00,12,LOW,12,0,False,False
2026-06-02 14:48:00,21,MEDIUM,23,0,False,False
2026-06-02 14:51:00,44,MEDIUM,12,0,False,False
2026-06-02 14:54:00,14,LOW,5,0,False,False
2026-06-02 14:57:00,22,MEDIUM,29,1,False,False
2026-06-01 13:00:00,3,LOW,12,0,False,False
2026-06-02 02:02:00,44,MEDIUM,15,1,True,False
2026-06-01 13:02:00,9,LOW,15,0,False,False
2026-06-01 13:03:00,48,MEDIUM,18,0,False,False
2026-06-01 13:04:00,6,LOW,10,0,False,False
2026-06-02 15:15:00,74,HIGH,27,2,True,True
2026-06-02 15:18:00,23,MEDIUM,15,1,False,False
2026-06-02 02:14:00,62,HIGH,36,1,False,True
2026-06-02 15:24:00,14,LOW,2,0,False,False
2026-06-02 15:27:00,29,MEDIUM,29,0,False,False
2026-06-02 15:30:00,40,MEDIUM,13,0,False,False
2026-06-02 02:22:00,19,LOW,6,0,False,False
2026-06-02 02:24:00,12,LOW,12,0,False,False
2026-06-01 13:13:00,38,MEDIUM,23,0,False,False
2026-06-01 13:14:00,27,MEDIUM,13,1,False,False
2026-06-02 15:45:00,4,LOW,5,0,False,False
2026-06-02 02:32:00,76,HIGH,49,0,False,False
2026-06-02 02:34:00,15,LOW,11,0,False,False
2026-06-02 15:54:00,17,LOW,7,0,False,False
2026-06-02 02:38:00,28,MEDIUM,11,1,False,False
2026-06-02 02:40:00,67,HIGH,58,1,False,True
2026-06-02 16:03:00,9,LOW,10,0,False,False
2026-06-02 16:06:00,11,LOW,11,0,False,False
2026-06-02 16:09:00,67,HIGH,28,1,False,False
2026-06-01 13:24:00,8,LOW,13,0,False,False
2026-06-02 16:15:00,64,HIGH,65,1,True,False
2026-06-02 16:18:00,2,LOW,13,0,False,False
2026-06-01 13:27:00,2,LOW,9,0,False,False
2026-06-02 02:56:00,85,CRITICAL,106,2,True,False
2026-06-02 02:58:00,64,HIGH,55,2,False,False
2026-06-02 16:30:00,22,MEDIUM,16,0,True,False
2026-06-02 16:33:00,13,LOW,10,0,False,False
2026-06-02 03:04:00,44,MEDIUM,23,0,False,False
2026-06-01 13:33:00,5,LOW,13,0,False,False
2026-06-02 16:42:00,15,LOW,3,0,False,False
2026-06-01 13:35:00,18,LOW,7,0,False,False
2026-06-02 16:48:00,44,MEDIUM,28,1,False,False
2026-06-02 16:51:00,11,LOW,3,0,False,False
2026-06-01 13:38:00,14,LOW,5,0,False,False
2026-06-02 03:18:00,10,LOW,11,0,False,False
2026-06-02 17:00:00,74,HIGH,48,1,False,False
2026-06-02 03:22:00,30,MEDIUM,22,0,True,False
2026-06-01 13:42:00,76,HIGH,50,1,True,True
2026-06-01 13:43:00,14,LOW,14,0,False,False
2026-06-02 17:12:00,21,MEDIUM,11,1,False,False
2026-06-02 17:15:00,6,LOW,0,0,False,False
2026-06-02 03:32:00,22,MEDIUM,15,1,True,False
2026-06-02 17:21:00,115,CRITICAL,135,1,True,True
2026-06-01 13:48:00,58,HIGH,40,2,False,True
2026-06-02 17:27:00,87,CRITICAL,111,4,True,False
2026-06-01 13:50:00,12,LOW,10,0,False,False
2026-06-01 13:51:00,76,HIGH,65,2,False,True
2026-06-01 13:52:00,14,LOW,1,0,False,False
2026-06-02 03:46:00,15,LOW,6,0,False,False
2026-06-01 13:54:00,64,HIGH,28,2,True,True
2026-06-01 13:55:00,42,MEDIUM,11,1,False,False
2026-06-02 17:48:00,35,MEDIUM,12,0,False,False
2026-06-02 17:51:00,59,HIGH,39,1,True,True
2026-06-02 03:56:00,29,MEDIUM,22,1,True,False
2026-06-02 03:58:00,3,LOW,9,0,False,False
2026-06-02 04:00:00,36,MEDIUM,19,0,True,False
2026-06-02 18:03:00,8,LOW,4,0,False,False
2026-06-02 04:04:00,1,LOW,12,0,False,False
2026-06-01 14:03:00,8,LOW,7,0,False,False
2026-06-02 18:12:00,8,LOW,2,0,False,False
2026-06-01 14:05:00,5,LOW,9,0,False,False
2026-06-02 04:12:00,88,CRITICAL,109,4,True,False
2026-06-01 14:07:00,15,LOW,2,0,False,False
2026-06-02 04:16:00,57,HIGH,64,2,False,False
2026-06-01 14:09:00,31,MEDIUM,29,1,False,False
2026-06-02 18:30:00,9,LOW,12,0,False,False
2026-06-02 04:22:00,29,MEDIUM,15,0,False,False
2026-06-02 04:24:00,19,LOW,14,0,False,False
2026-06-02 18:39:00,35,MEDIUM,24,1,False,False
2026-06-02 04:28:00,45,MEDIUM,24,1,True,False
2026-06-01 14:15:00,49,MEDIUM,18,0,False,False
2026-06-02 04:32:00,61,HIGH,26,2,False,False
2026-06-02 04:34:00,9,LOW,2,0,False,False
2026-06-02 04:36:00,7,LOW,10,0,False,False
2026-06-02 18:57:00,116,CRITICAL,138,4,True,False
2026-06-02 19:00:00,27,MEDIUM,24,0,False,False
2026-06-02 19:03:00,79,HIGH,44,1,False,True
2026-06-01 14:22:00,19,LOW,10,0,False,False
2026-06-02 19:09:00,36,MEDIUM,12,1,True,False
2026-06-01 14:24:00,28,MEDIUM,14,0,True,False
2026-06-02 04:50:00,11,LOW,11,0,False,False
2026-06-02 19:18:00,0,LOW,5,0,False,False
2026-06-01 14:27:00,41,MEDIUM,30,0,False,False
2026-06-02 19:24:00,36,MEDIUM,19,1,False,False
2026-06-01 14:29:00,8,LOW,10,0,False,False
2026-06-02 05:00:00,25,MEDIUM,27,0,False,False
2026-06-01 14:31:00,45,MEDIUM,13,0,True,False
2026-06-02 19:36:00,31,MEDIUM,26,1,True,False
2026-06-02 19:39:00,34,MEDIUM,18,1,False,False
2026-06-02 05:08:00,21,MEDIUM,24,0,False,False
2026-06-02 05:10:00,27,MEDIUM,27,0,False,False
2026-06-02 05:12:00,23,MEDIUM,25,1,True,False
2026-06-01 14:37:00,115,CRITICAL,63,3,True,False
2026-06-02 19:54:00,21,MEDIUM,20,0,True,False
2026-06-02 19:57:00,57,HIGH,34,2,True,False
2026-06-02 20:00:00,16,LOW,8,0,False,False
2026-06-02 05:22:00,15,LOW,2,0,False,False
2026-06-01 14:42:00,37,MEDIUM,17,0,False,False
2026-06-02 05:26:00,44,MEDIUM,20,0,True,False
2026-06-02 05:28:00,12,LOW,12,0,False,False
2026-06-02 20:15:00,37,MEDIUM,12,0,False,False
2026-06-02 20:18:00,55,HIGH,31,0,True,True
2026-06-02 05:34:00,44,MEDIUM,25,0,False,False
2026-06-02 05:36:00,129,CRITICAL,138,1,True,False
2026-06-02 05:38:00,22,MEDIUM,15,0,True,False
2026-06-02 20:30:00,58,HIGH,35,1,True,False
2026-06-02 20:33:00,74,HIGH,47,1,True,False
2026-06-02 20:36:00,5,LOW,14,0,False,False
2026-06-01 14:53:00,4,LOW,1,0,False,False
2026-06-01 14:54:00,79,HIGH,64,2,True,False
2026-06-02 05:50:00,57,HIGH,40,1,False,False
2026-06-02 20:48:00,27,MEDIUM,23,0,False,False
2026-06-02 20:51:00,13,LOW,4,0,False,False
2026-06-02 05:56:00,16,LOW,6,0,False,False
2026-06-01 14:59:00,42,MEDIUM,11,0,True,False
2026-06-02 06:00:00,9,LOW,12,0,False,False
2026-06-02 06:02:00,11,LOW,2,0,False,False
2026-06-02 06:04:00,75,HIGH,22,0,False,False
2026-06-01 15:03:00,23,MEDIUM,29,0,True,False
2026-06-01 15:04:00,23,MEDIUM,25,0,False,False
2026-06-01 15:05:00,19,LOW,8,0,False,False
2026-06-01 15:06:00,42,MEDIUM,20,1,False,False
2026-06-01 15:07:00,1,LOW,2,0,False,False
2026-06-02 06:16:00,17,LOW,15,0,False,False
2026-06-02 21:27:00,24,MEDIUM,11,0,False,False
2026-06-01 15:10:00,17,LOW,7,0,False,False
2026-06-02 21:33:00,26,MEDIUM,11,1,False,False
2026-06-02 06:24:00,40,MEDIUM,25,1,True,False
2026-06-02 06:26:00,1,LOW,8,0,False,False
2026-06-02 21:42:00,64,HIGH,58,1,True,False
2026-06-01 15:15:00,46,MEDIUM,14,1,True,False
2026-06-02 21:48:00,9,LOW,1,0,False,False
2026-06-02 21:51:00,73,HIGH,27,1,True,False
2026-06-02 21:54:00,18,LOW,9,0,False,False
2026-06-02 21:57:00,77,HIGH,27,1,True,False
2026-06-02 06:40:00,16,LOW,1,0,False,False
2026-06-02 06:42:00,30,MEDIUM,15,1,False,False
2026-06-02 06:44:00,16,LOW,0,0,False,False
2026-06-01 15:23:00,75,HIGH,23,2,True,True
2026-06-01 15:24:00,78,HIGH,65,1,False,False
2026-06-01 15:25:00,5,LOW,12,0,False,False
2026-06-02 06:52:00,16,LOW,3,0,False,False
2026-06-01 15:27:00,50,HIGH,40,2,True,True
2026-06-02 06:56:00,79,HIGH,49,2,False,True
2026-06-02 06:58:00,74,HIGH,54,2,False,False
2026-06-02 22:30:00,33,MEDIUM,11,1,True,False
2026-06-02 22:33:00,29,MEDIUM,15,0,False,False
2026-06-02 07:04:00,23,MEDIUM,23,1,False,False
2026-06-02 07:06:00,14,LOW,8,0,False,False
2026-06-02 07:08:00,77,HIGH,57,2,True,False
2026-06-01 15:35:00,1,LOW,13,0,False,False
2026-06-02 22:48:00,108,CRITICAL,141,1,True,False
2026-06-02 07:14:00,17,LOW,15,0,False,False
2026-06-01 15:38:00,18,LOW,8,0,False,False
2026-06-01 15:39:00,3,LOW,2,0,False,False
2026-06-02 23:00:00,24,MEDIUM,23,1,False,False
2026-06-01 15:41:00,24,MEDIUM,30,0,False,False
2026-06-01 15:42:00,12,LOW,0,0,False,False
2026-06-02 07:26:00,5,LOW,8,0,False,False
2026-06-01 15:44:00,24,MEDIUM,22,1,False,False
2026-06-02 23:15:00,61,HIGH,39,0,False,False
2026-06-02 07:32:00,69,HIGH,36,2,False,False
2026-06-02 07:34:00,35,MEDIUM,26,0,False,False
2026-06-02 07:36:00,34,MEDIUM,16,0,True,False
2026-06-02 07:38:00,48,MEDIUM,24,1,False,False
2026-06-02 23:30:00,53,HIGH,47,2,False,False
2026-06-01 15:51:00,2,LOW,7,0,False,False
2026-06-02 07:44:00,18,LOW,9,0,False,False
2026-06-01 15:53:00,3,LOW,7,0,False,False
2026-06-02 07:48:00,17,LOW,7,0,False,False
2026-06-01 15:55:00,9,LOW,5,0,False,False
2026-06-02 23:48:00,20,MEDIUM,20,1,False,False
2026-06-01 15:57:00,7,LOW,13,0,False,False
2026-06-02 07:56:00,9,LOW,14,0,False,False
2026-06-02 23:57:00,102,CRITICAL,69,1,True,True
2026-06-02 08:00:00,58,HIGH,64,1,True,True
2026-06-01 16:01:00,18,LOW,1,0,False,False
2026-06-02 08:04:00,82,CRITICAL,128,3,True,False
2026-06-03 00:09:00,9,LOW,0,0,False,False
2026-06-02 08:08:00,4,LOW,8,0,False,False
2026-06-02 08:10:00,12,LOW,13,0,False,False
2026-06-02 08:12:00,79,HIGH,55,1,True,False
2026-06-03 00:21:00,6,LOW,12,0,False,False
2026-06-02 08:16:00,10,LOW,6,0,False,False
2026-06-03 00:27:00,9,LOW,2,0,False,False
2026-06-02 08:20:00,17,LOW,0,0,False,False
2026-06-03 00:33:00,66,HIGH,33,1,True,False
2026-06-02 08:24:00,34,MEDIUM,11,0,False,False
2026-06-01 16:13:00,15,LOW,2,0,False,False
2026-06-01 16:14:00,17,LOW,9,0,False,False
2026-06-02 08:30:00,24,MEDIUM,10,0,False,False
2026-06-03 00:48:00,0,LOW,12,0,False,False
2026-06-03 00:51:00,10,LOW,10,0,False,False
2026-06-01 16:18:00,32,MEDIUM,29,1,False,False
2026-06-03 00:57:00,37,MEDIUM,14,0,False,False
2026-06-03 01:00:00,7,LOW,11,0,False,False
2026-06-01 16:21:00,26,MEDIUM,12,1,True,False
2026-06-01 16:22:00,113,CRITICAL,65,1,True,True
2026-06-02 08:46:00,24,MEDIUM,17,1,False,False
2026-06-02 08:48:00,9,LOW,15,0,False,False
2026-06-03 01:15:00,2,LOW,15,0,False,False
2026-06-02 08:52:00,17,LOW,13,0,False,False
2026-06-03 01:21:00,83,CRITICAL,87,3,True,True
2026-06-01 16:28:00,27,MEDIUM,11,0,True,False
2026-06-03 01:27:00,75,HIGH,58,1,True,True
2026-06-01 16:30:00,75,HIGH,47,1,False,False
2026-06-02 09:02:00,15,LOW,2,0,False,False
2026-06-01 16:32:00,19,LOW,6,0,False,False
2026-06-02 09:06:00,95,CRITICAL,108,3,True,False
2026-06-03 01:42:00,35,MEDIUM,22,1,False,False
2026-06-01 16:35:00,2,LOW,4,0,False,False
2026-06-02 09:12:00,92,CRITICAL,81,4,True,True
2026-06-02 09:14:00,39,MEDIUM,27,1,True,False
2026-06-03 01:54:00,7,LOW,7,0,False,False
2026-06-03 01:57:00,10,LOW,7,0,False,False
2026-06-02 09:20:00,34,MEDIUM,22,0,False,False
2026-06-03 02:03:00,0,LOW,15,0,False,False
2026-06-02 09:24:00,10,LOW,7,0,False,False
2026-06-01 16:43:00,46,MEDIUM,18,0,False,False
2026-06-03 02:12:00,7,LOW,10,0,False,False
2026-06-02 09:30:00,39,MEDIUM,24,1,True,False
2026-06-02 09:32:00,25,MEDIUM,29,0,False,False
2026-06-01 16:47:00,15,LOW,13,0,False,False
2026-06-03 02:24:00,22,MEDIUM,23,0,False,False
2026-06-02 09:38:00,9,LOW,2,0,False,False
2026-06-01 16:50:00,49,MEDIUM,28,0,False,False
2026-06-02 09:42:00,4,LOW,11,0,False,False
2026-06-03 02:36:00,49,MEDIUM,25,1,False,False
2026-06-01 16:53:00,20,MEDIUM,22,0,False,False
2026-06-03 02:42:00,16,LOW,0,0,False,False
2026-06-03 02:45:00,4,LOW,12,0,False,False
2026-06-03 02:48:00,5,LOW,15,0,False,False
2026-06-02 09:54:00,97,CRITICAL,102,2,True,False
2026-06-03 02:54:00,75,HIGH,24,1,True,False
2026-06-03 02:57:00,107,CRITICAL,144,4,True,True
2026-06-01 17:00:00,39,MEDIUM,13,1,False,False
2026-06-01 17:01:00,17,LOW,14,0,False,False
2026-06-03 03:06:00,40,MEDIUM,28,1,True,False
2026-06-02 10:06:00,0,LOW,9,0,False,False
2026-06-02 10:08:00,17,LOW,3,0,False,False
2026-06-01 17:05:00,49,MEDIUM,14,0,False,False
2026-06-01 17:06:00,53,HIGH,21,1,False,True
2026-06-01 17:07:00,53,HIGH,34,2,True,False
2026-06-02 10:16:00,12,LOW,8,0,False,False
2026-06-01 17:09:00,2,LOW,12,0,False,False
2026-06-02 10:20:00,115,CRITICAL,65,2,True,False
2026-06-03 03:33:00,17,LOW,5,0,False,False
2026-06-03 03:36:00,15,LOW,5,0,False,False
2026-06-02 10:26:00,58,HIGH,22,2,False,False
2026-06-02 10:28:00,33,MEDIUM,25,0,False,False
2026-06-03 03:45:00,4,LOW,3,0,False,False
2026-06-01 17:16:00,50,HIGH,47,2,True,True
2026-06-01 17:17:00,2,LOW,10,0,False,False
2026-06-02 10:36:00,76,HIGH,53,0,True,False
2026-06-01 17:19:00,2,LOW,11,0,False,False
2026-06-03 04:00:00,62,HIGH,46,2,True,False
2026-06-01 17:21:00,10,LOW,11,0,False,False
2026-06-01 17:22:00,53,HIGH,41,1,True,True
2026-06-01 17:23:00,38,MEDIUM,20,0,False,False
2026-06-02 10:48:00,4,LOW,7,0,False,False
2026-06-03 04:15:00,19,LOW,4,0,False,False
2026-06-02 10:52:00,17,LOW,14,0,False,False
2026-06-03 04:21:00,71,HIGH,61,0,False,False
2026-06-02 10:56:00,44,MEDIUM,27,0,True,False
2026-06-02 10:58:00,15,LOW,6,0,False,False
2026-06-03 04:30:00,24,MEDIUM,29,0,True,False
2026-06-01 17:31:00,8,LOW,15,0,False,False
2026-06-02 11:04:00,23,MEDIUM,16,0,False,False
2026-06-03 04:39:00,75,HIGH,47,2,False,True
2026-06-03 04:42:00,17,LOW,0,0,False,False
2026-06-03 04:45:00,46,MEDIUM,28,0,True,False
2026-06-02 11:12:00,30,MEDIUM,13,0,True,False
2026-06-03 04:51:00,12,LOW,9,0,False,False
2026-06-01 17:38:00,12,LOW,13,0,False,False
2026-06-03 04:57:00,7,LOW,12,0,False,False
2026-06-02 11:20:00,0,LOW,9,0,False,False
2026-06-01 17:41:00,4,LOW,0,0,False,False
2026-06-01 17:42:00,6,LOW,8,0,False,False
2026-06-03 05:09:00,78,HIGH,40,0,False,False
2026-06-01 17:44:00,123,CRITICAL,86,1,True,False
2026-06-01 17:45:00,27,MEDIUM,25,0,True,False
2026-06-02 11:32:00,54,HIGH,29,0,True,False
2026-06-03 05:21:00,11,LOW,5,0,False,False
2026-06-03 05:24:00,2,LOW,13,0,False,False
2026-06-01 17:49:00,1,LOW,4,0,False,False
2026-06-01 17:50:00,67,HIGH,37,0,False,True
2026-06-01 17:51:00,104,CRITICAL,79,4,True,True
2026-06-01 17:52:00,73,HIGH,35,1,False,False
2026-06-01 17:53:00,7,LOW,2,0,False,False
2026-06-01 17:54:00,43,MEDIUM,18,1,False,False
2026-06-02 11:50:00,7,LOW,6,0,False,False
2026-06-02 11:52:00,2,LOW,0,0,False,False
2026-06-02 11:54:00,7,LOW,13,0,False,False
2026-06-01 17:58:00,47,MEDIUM,25,1,True,False
2026-06-01 17:59:00,44,MEDIUM,21,0,True,False
2026-06-03 06:00:00,39,MEDIUM,22,1,True,False
2026-06-02 12:02:00,35,MEDIUM,15,0,False,False
2026-06-03 06:06:00,15,LOW,12,0,False,False
2026-06-01 18:03:00,9,LOW,2,0,False,False
2026-06-02 12:08:00,17,LOW,2,0,False,False
2026-06-03 06:15:00,62,HIGH,47,1,False,False
2026-06-01 18:06:00,40,MEDIUM,29,0,False,False
2026-06-01 18:07:00,19,LOW,10,0,False,False
2026-06-02 12:16:00,68,HIGH,31,2,True,False
2026-06-02 12:18:00,16,LOW,9,0,False,False
2026-06-02 12:20:00,0,LOW,10,0,False,False
2026-06-02 12:22:00,4,LOW,9,0,False,False
2026-06-03 06:36:00,74,HIGH,33,0,False,True
2026-06-02 12:26:00,63,HIGH,43,1,True,False
2026-06-03 06:42:00,24,MEDIUM,16,0,False,False
2026-06-01 18:15:00,5,LOW,5,0,False,False
2026-06-02 12:32:00,53,HIGH,32,2,False,False
2026-06-02 12:34:00,12,LOW,13,0,False,False
2026-06-01 18:18:00,23,MEDIUM,29,1,True,False
2026-06-02 12:38:00,38,MEDIUM,22,1,False,False
2026-06-01 18:20:00,73,HIGH,65,0,False,True
2026-06-03 07:03:00,21,MEDIUM,22,0,False,False
2026-06-01 18:22:00,5,LOW,8,0,False,False
2026-06-02 12:46:00,31,MEDIUM,11,1,False,False
2026-06-01 18:24:00,10,LOW,0,0,False,False
2026-06-02 12:50:00,62,HIGH,32,0,True,False
2026-06-01 18:26:00,74,HIGH,53,1,True,True
2026-06-01 18:27:00,3,LOW,5,0,False,False
2026-06-03 07:24:00,71,HIGH,41,1,True,False
2026-06-03 07:27:00,18,LOW,2,0,False,False
2026-06-02 13:00:00,9,LOW,2,0,False,False
2026-06-02 13:02:00,75,HIGH,38,0,True,False
2026-06-03 07:36:00,19,LOW,7,0,False,False
2026-06-03 07:39:00,3,LOW,15,0,False,False
2026-06-03 07:42:00,78,HIGH,60,2,False,False
2026-06-03 07:45:00,12,LOW,4,0,False,False
2026-06-01 18:36:00,11,LOW,9,0,False,False
2026-06-01 18:37:00,10,LOW,8,0,False,False
2026-06-02 13:16:00,18,LOW,11,0,False,False
2026-06-02 13:18:00,95,CRITICAL,103,1,True,True
2026-06-02 13:20:00,1,LOW,2,0,False,False
2026-06-03 08:03:00,76,HIGH,54,0,False,True
2026-06-02 13:24:00,16,LOW,2,0,False,False
2026-06-01 18:43:00,10,LOW,10,0,False,False
2026-06-01 18:44:00,31,MEDIUM,24,0,False,False
2026-06-02 13:30:00,31,MEDIUM,14,1,False,False
2026-06-03 08:18:00,50,HIGH,31,0,True,False
2026-06-03 08:21:00,53,HIGH,29,0,False,False
2026-06-01 18:48:00,13,LOW,7,0,False,False
2026-06-02 13:38:00,111,CRITICAL,69,3,True,True
2026-06-02 13:40:00,21,MEDIUM,29,1,True,False
2026-06-01 18:51:00,105,CRITICAL,79,1,True,True
2026-06-03 08:36:00,37,MEDIUM,17,1,False,False
2026-06-01 18:53:00,9,LOW,6,0,False,False
2026-06-01 18:54:00,76,HIGH,36,0,False,True
2026-06-02 13:50:00,4,LOW,6,0,False,False
2026-06-01 18:56:00,48,MEDIUM,23,1,False,False
2026-06-03 08:51:00,43,MEDIUM,26,0,False,False
2026-06-03 08:54:00,6,LOW,3,0,False,False
2026-06-02 13:58:00,17,LOW,2,0,False,False
2026-06-02 14:00:00,109,CRITICAL,67,3,True,False
2026-06-01 19:01:00,16,LOW,3,0,False,False
2026-06-03 09:06:00,79,HIGH,23,1,False,True
2026-06-01 19:03:00,85,CRITICAL,62,4,True,False
2026-06-02 14:08:00,30,MEDIUM,12,0,False,False
2026-06-03 09:15:00,128,CRITICAL,94,4,True,False
2026-06-03 09:18:00,0,LOW,7,0,False,False
2026-06-02 14:14:00,34,MEDIUM,15,0,True,False
2026-06-03 09:24:00,83,CRITICAL,112,4,True,False
2026-06-01 19:09:00,12,LOW,1,0,False,False
2026-06-02 14:20:00,4,LOW,9,0,False,False
2026-06-02 14:22:00,98,CRITICAL,136,2,True,False
2026-06-02 14:24:00,34,MEDIUM,10,1,False,False
2026-06-03 09:39:00,41,MEDIUM,11,1,False,False
2026-06-03 09:42:00,108,CRITICAL,132,3,True,False
2026-06-03 09:45:00,26,MEDIUM,14,0,False,False
2026-06-01 19:16:00,5,LOW,10,0,False,False
2026-06-03 09:51:00,3,LOW,12,0,False,False
2026-06-02 14:36:00,10,LOW,10,0,False,False
2026-06-02 14:38:00,17,LOW,1,0,False,False
2026-06-01 19:20:00,9,LOW,5,0,False,False
2026-06-03 10:03:00,19,LOW,4,0,False,False
2026-06-03 10:06:00,62,HIGH,33,2,False,False
2026-06-03 10:09:00,65,HIGH,31,1,False,False
2026-06-01 19:24:00,72,HIGH,68,1,False,False
2026-06-01 19:25:00,17,LOW,14,0,False,False
2026-06-01 19:26:00,25,MEDIUM,21,0,False,False
2026-06-03 10:21:00,0,LOW,15,0,False,False
2026-06-01 19:28:00,95,CRITICAL,77,3,True,True
2026-06-01 19:29:00,5,LOW,7,0,False,False
2026-06-02 15:00:00,16,LOW,13,0,False,False
2026-06-01 19:31:00,42,MEDIUM,25,0,False,False
2026-06-01 19:32:00,54,HIGH,29,1,False,True
2026-06-02 15:06:00,22,MEDIUM,22,1,True,False
2026-06-02 15:08:00,10,LOW,4,0,False,False
2026-06-01 19:35:00,48,MEDIUM,11,0,False,False
2026-06-01 19:36:00,98,CRITICAL,113,1,True,True
2026-06-03 10:51:00,11,LOW,7,0,False,False
2026-06-03 10:54:00,71,HIGH,60,0,True,True
2026-06-03 10:57:00,29,MEDIUM,25,0,False,False
2026-06-03 11:00:00,2,LOW,9,0,False,False
2026-06-01 19:41:00,4,LOW,1,0,False,False
2026-06-03 11:06:00,7,LOW,1,0,False,False
2026-06-02 15:26:00,9,LOW,8,0,False,False
2026-06-03 11:12:00,82,CRITICAL,129,2,True,False
2026-06-03 11:15:00,13,LOW,15,0,False,False
2026-06-03 11:18:00,12,LOW,11,0,False,False
2026-06-02 15:34:00,71,HIGH,48,2,False,False
2026-06-02 15:36:00,101,CRITICAL,124,3,True,False
2026-06-01 19:49:00,50,HIGH,54,0,False,False
2026-06-02 15:40:00,13,LOW,7,0,False,False
2026-06-03 11:33:00,9,LOW,8,0,False,False
2026-06-03 11:36:00,12,LOW,10,0,False,False
2026-06-01 19:53:00,14,LOW,0,0,False,False
2026-06-03 11:42:00,13,LOW,8,0,False,False
2026-06-02 15:50:00,16,LOW,4,0,False,False
2026-06-01 19:56:00,47,MEDIUM,18,1,False,False
2026-06-02 15:54:00,14,LOW,5,0,False,False
2026-06-02 15:56:00,98,CRITICAL,82,4,True,True
2026-06-02 15:58:00,101,CRITICAL,131,1,True,True
2026-06-01 20:00:00,42,MEDIUM,25,0,False,False
2026-06-01 20:01:00,64,HIGH,44,1,True,False
2026-06-03 12:06:00,33,MEDIUM,28,1,False,False
2026-06-02 16:06:00,49,MEDIUM,14,1,True,False
2026-06-01 20:04:00,44,MEDIUM,25,0,False,False
2026-06-02 16:10:00,103,CRITICAL,140,4,True,True
2026-06-01 20:06:00,13,LOW,10,0,False,False
2026-06-01 20:07:00,67,HIGH,67,1,True,False
2026-06-03 12:24:00,47,MEDIUM,10,0,False,False
2026-06-01 20:09:00,12,LOW,1,0,False,False
2026-06-02 16:20:00,73,HIGH,38,1,False,True
2026-06-02 16:22:00,6,LOW,11,0,False,False
2026-06-01 20:12:00,15,LOW,14,0,False,False
2026-06-02 16:26:00,26,MEDIUM,26,0,False,False
2026-06-02 16:28:00,26,MEDIUM,15,1,False,False
2026-06-01 20:15:00,67,HIGH,44,1,False,False
2026-06-03 12:48:00,76,HIGH,51,1,False,False
2026-06-02 16:34:00,20,MEDIUM,10,1,False,False
2026-06-01 20:18:00,53,HIGH,59,0,False,True
2026-06-03 12:57:00,28,MEDIUM,26,1,False,False
2026-06-02 16:40:00,18,LOW,0,0,False,False
2026-06-01 20:21:00,32,MEDIUM,14,1,False,False
2026-06-02 16:44:00,13,LOW,12,0,False,False
2026-06-02 16:46:00,3,LOW,0,0,False,False
2026-06-02 16:48:00,6,LOW,15,0,False,False
2026-06-03 13:15:00,19,LOW,6,0,False,False
2026-06-03 13:18:00,11,LOW,7,0,False,False
2026-06-01 20:27:00,19,LOW,15,0,False,False
2026-06-01 20:28:00,38,MEDIUM,29,1,False,False
2026-06-01 20:29:00,11,LOW,14,0,False,False
2026-06-01 20:30:00,14,LOW,0,0,False,False
2026-06-02 17:02:00,32,MEDIUM,18,1,True,False
2026-06-01 20:32:00,26,MEDIUM,23,1,False,False
2026-06-02 17:06:00,2,LOW,10,0,False,False
2026-06-03 13:42:00,8,LOW,6,0,False,False
2026-06-03 13:45:00,18,LOW,12,0,False,False
2026-06-01 20:36:00,44,MEDIUM,11,1,True,False
2026-06-02 17:14:00,36,MEDIUM,27,0,False,False
2026-06-01 20:38:00,36,MEDIUM,28,1,True,False
2026-06-03 13:57:00,103,CRITICAL,78,4,True,False
2026-06-02 17:20:00,13,LOW,6,0,False,False
2026-06-02 17:22:00,12,LOW,10,0,False,False
2026-06-03 14:06:00,8,LOW,5,0,False,False
2026-06-03 14:09:00,70,HIGH,38,2,True,False
2026-06-02 17:28:00,64,HIGH,21,2,True,False
2026-06-03 14:15:00,77,HIGH,42,0,False,False
2026-06-03 14:18:00,24,MEDIUM,15,1,False,False
2026-06-02 17:34:00,7,LOW,5,0,False,False
2026-06-02 17:36:00,43,MEDIUM,20,0,False,False
2026-06-02 17:38:00,63,HIGH,44,0,True,False
2026-06-03 14:30:00,1,LOW,14,0,False,False
2026-06-03 14:33:00,18,LOW,1,0,False,False
2026-06-03 14:36:00,74,HIGH,49,2,True,False
2026-06-03 14:39:00,50,HIGH,26,0,True,False
2026-06-01 20:54:00,23,MEDIUM,17,1,False,False
2026-06-01 20:55:00,11,LOW,9,0,False,False
2026-06-02 17:52:00,10,LOW,9,0,False,False
2026-06-03 14:51:00,5,LOW,10,0,False,False
2026-06-01 20:58:00,41,MEDIUM,17,1,False,False
2026-06-02 17:58:00,17,LOW,1,0,False,False
2026-06-02 18:00:00,93,CRITICAL,88,2,True,False
2026-06-03 15:03:00,16,LOW,7,0,False,False
2026-06-01 21:02:00,52,HIGH,34,2,False,False
2026-06-01 21:03:00,4,LOW,5,0,False,False
2026-06-03 15:12:00,47,MEDIUM,16,1,False,False
2026-06-01 21:05:00,6,LOW,5,0,False,False
2026-06-02 18:12:00,29,MEDIUM,18,0,False,False
2026-06-01 21:07:00,113,CRITICAL,70,4,True,True
2026-06-02 18:16:00,41,MEDIUM,12,0,False,False
2026-06-03 15:27:00,120,CRITICAL,64,2,True,True
2026-06-01 21:10:00,10,LOW,15,0,False,False
2026-06-02 18:22:00,46,MEDIUM,25,0,False,False
2026-06-01 21:12:00,1,LOW,12,0,False,False
2026-06-03 15:39:00,60,HIGH,22,1,True,False
2026-06-03 15:42:00,21,MEDIUM,12,0,False,False
2026-06-02 18:30:00,77,HIGH,49,1,True,False
2026-06-02 18:32:00,14,LOW,6,0,False,False
2026-06-02 18:34:00,123,CRITICAL,129,1,True,True
2026-06-01 21:18:00,2,LOW,12,0,False,False
2026-06-02 18:38:00,65,HIGH,41,0,False,False
2026-06-03 16:00:00,7,LOW,13,0,False,False
2026-06-02 18:42:00,11,LOW,9,0,False,False
2026-06-03 16:06:00,86,CRITICAL,136,4,True,True
2026-06-03 16:09:00,12,LOW,15,0,False,False
2026-06-01 21:24:00,18,LOW,7,0,False,False
2026-06-01 21:25:00,2,LOW,9,0,False,False
2026-06-03 16:18:00,34,MEDIUM,11,0,False,False
2026-06-03 16:21:00,16,LOW,0,0,False,False
2026-06-02 18:56:00,10,LOW,8,0,False,False
2026-06-02 18:58:00,2,LOW,9,0,False,False
2026-06-03 16:30:00,27,MEDIUM,22,0,True,False
2026-06-02 19:02:00,90,CRITICAL,131,2,True,False
2026-06-01 21:32:00,36,MEDIUM,20,1,True,False
2026-06-02 19:06:00,38,MEDIUM,30,0,False,False
2026-06-01 21:34:00,103,CRITICAL,80,2,True,True
2026-06-01 21:35:00,46,MEDIUM,11,0,True,False
2026-06-01 21:36:00,24,MEDIUM,12,1,True,False
2026-06-02 19:14:00,51,HIGH,23,2,False,False
2026-06-02 19:16:00,49,MEDIUM,15,0,True,False
2026-06-01 21:39:00,13,LOW,13,0,False,False
2026-06-02 19:20:00,4,LOW,6,0,False,False
2026-06-03 17:03:00,48,MEDIUM,13,0,False,False
2026-06-02 19:24:00,19,LOW,11,0,False,False
2026-06-01 21:43:00,2,LOW,8,0,False,False
2026-06-02 19:28:00,2,LOW,10,0,False,False
2026-06-02 19:30:00,9,LOW,6,0,False,False
2026-06-02 19:32:00,29,MEDIUM,13,1,False,False
2026-06-01 21:47:00,17,LOW,14,0,False,False
2026-06-01 21:48:00,44,MEDIUM,30,0,True,False
2026-06-01 21:49:00,0,LOW,2,0,False,False
2026-06-02 19:40:00,70,HIGH,45,1,False,True
2026-06-03 17:33:00,28,MEDIUM,13,1,False,False
2026-06-01 21:52:00,38,MEDIUM,20,1,True,False
2026-06-02 19:46:00,1,LOW,12,0,False,False
2026-06-02 19:48:00,14,LOW,15,0,False,False
2026-06-01 21:55:00,10,LOW,10,0,False,False
2026-06-03 17:48:00,32,MEDIUM,22,0,False,False
2026-06-01 21:57:00,118,CRITICAL,96,2,True,False
2026-06-02 19:56:00,47,MEDIUM,22,1,False,False
2026-06-02 19:58:00,18,LOW,13,0,False,False
2026-06-01 22:00:00,7,LOW,2,0,False,False
2026-06-01 22:01:00,15,LOW,12,0,False,False
2026-06-01 22:02:00,44,MEDIUM,18,1,False,False
2026-06-02 20:06:00,15,LOW,8,0,False,False
2026-06-02 20:08:00,25,MEDIUM,15,0,False,False
2026-06-03 18:15:00,5,LOW,6,0,False,False
2026-06-01 22:06:00,96,CRITICAL,68,3,True,True
2026-06-01 22:07:00,1,LOW,6,0,False,False
2026-06-03 18:24:00,75,HIGH,32,1,True,True
2026-06-02 20:18:00,52,HIGH,50,2,False,True
2026-06-02 20:20:00,57,HIGH,55,2,False,False
2026-06-02 20:22:00,16,LOW,8,0,False,False
2026-06-03 18:36:00,4,LOW,2,0,False,False
2026-06-01 22:13:00,4,LOW,9,0,False,False
2026-06-01 22:14:00,56,HIGH,33,1,True,False
2026-06-01 22:15:00,54,HIGH,57,1,False,True
2026-06-03 18:48:00,11,LOW,4,0,False,False
2026-06-01 22:17:00,49,MEDIUM,11,1,False,False
2026-06-01 22:18:00,42,MEDIUM,19,1,False,False
2026-06-01 22:19:00,33,MEDIUM,25,1,True,False
2026-06-03 19:00:00,74,HIGH,37,2,True,False
2026-06-02 20:42:00,29,MEDIUM,25,0,True,False
2026-06-01 22:22:00,32,MEDIUM,27,0,False,False
2026-06-01 22:23:00,10,LOW,9,0,False,False
2026-06-03 19:12:00,72,HIGH,61,2,False,False
2026-06-03 19:15:00,124,CRITICAL,115,3,True,False
2026-06-03 19:18:00,58,HIGH,27,2,False,False
2026-06-01 22:27:00,43,MEDIUM,26,1,False,False
2026-06-02 20:56:00,10,LOW,15,0,False,False
2026-06-02 20:58:00,23,MEDIUM,26,0,False,False
2026-06-03 19:30:00,75,HIGH,34,0,False,False
2026-06-02 21:02:00,27,MEDIUM,16,0,False,False
2026-06-01 22:32:00,13,LOW,15,0,False,False
2026-06-02 21:06:00,22,MEDIUM,12,0,False,False
2026-06-01 22:34:00,14,LOW,5,0,False,False
2026-06-03 19:45:00,81,CRITICAL,81,1,True,False
2026-06-02 21:12:00,20,MEDIUM,19,0,False,False
2026-06-02 21:14:00,73,HIGH,45,2,False,True
2026-06-03 19:54:00,15,LOW,6,0,False,False
2026-06-02 21:18:00,47,MEDIUM,16,0,True,False
2026-06-01 22:40:00,13,LOW,7,0,False,False
2026-06-02 21:22:00,117,CRITICAL,79,4,True,True
2026-06-03 20:06:00,27,MEDIUM,14,0,False,False
2026-06-02 21:26:00,9,LOW,12,0,False,False
2026-06-02 21:28:00,40,MEDIUM,25,1,False,False
2026-06-03 20:15:00,39,MEDIUM,28,0,True,False
2026-06-02 21:32:00,13,LOW,2,0,False,False
2026-06-02 21:34:00,71,HIGH,42,2,False,True
2026-06-02 21:36:00,72,HIGH,44,0,False,True
2026-06-02 21:38:00,7,LOW,8,0,False,False
2026-06-03 20:30:00,54,HIGH,20,2,True,False
2026-06-02 21:42:00,77,HIGH,43,2,False,False
2026-06-02 21:44:00,12,LOW,1,0,False,False
2026-06-02 21:46:00,28,MEDIUM,12,1,False,False
2026-06-02 21:48:00,2,LOW,9,0,False,False
2026-06-03 20:45:00,11,LOW,12,0,False,False
2026-06-01 22:56:00,10,LOW,14,0,False,False
2026-06-02 21:54:00,62,HIGH,62,0,True,True
2026-06-02 21:56:00,10,LOW,13,0,False,False
2026-06-01 22:59:00,50,HIGH,42,1,False,False
2026-06-01 23:00:00,5,LOW,12,0,False,False
2026-06-01 23:01:00,12,LOW,15,0,False,False
2026-06-03 21:06:00,19,LOW,5,0,False,False
2026-06-01 23:03:00,49,MEDIUM,19,1,False,False
2026-06-03 21:12:00,9,LOW,15,0,False,False
2026-06-02 22:10:00,46,MEDIUM,12,0,True,False
2026-06-01 23:06:00,39,MEDIUM,26,1,False,False
2026-06-03 21:21:00,50,HIGH,44,1,True,False
2026-06-01 23:08:00,100,CRITICAL,82,1,True,False
2026-06-03 21:27:00,2,LOW,14,0,False,False
2026-06-02 22:20:00,58,HIGH,48,2,False,True
2026-06-02 22:22:00,3,LOW,14,0,False,False
2026-06-03 21:36:00,8,LOW,6,0,False,False
2026-06-01 23:13:00,0,LOW,1,0,False,False
2026-06-02 22:28:00,17,LOW,8,0,False,False
2026-06-01 23:15:00,10,LOW,6,0,False,False
2026-06-02 22:32:00,13,LOW,0,0,False,False
2026-06-03 21:51:00,5,LOW,14,0,False,False
2026-06-02 22:36:00,43,MEDIUM,30,1,False,False
2026-06-02 22:38:00,75,HIGH,50,2,True,True
2026-06-02 22:40:00,73,HIGH,49,0,False,False
2026-06-01 23:21:00,78,HIGH,64,1,False,False
2026-06-03 22:06:00,76,HIGH,21,1,False,False
2026-06-03 22:09:00,11,LOW,4,0,False,False
2026-06-01 23:24:00,47,MEDIUM,30,1,False,False
2026-06-01 23:25:00,109,CRITICAL,68,2,True,False
2026-06-03 22:18:00,30,MEDIUM,26,1,True,False
2026-06-03 22:21:00,75,HIGH,44,0,True,False
2026-06-03 22:24:00,3,LOW,0,0,False,False
2026-06-01 23:29:00,12,LOW,0,0,False,False
2026-06-01 23:30:00,57,HIGH,24,2,False,False
2026-06-03 22:33:00,27,MEDIUM,28,1,False,False
2026-06-01 23:32:00,55,HIGH,58,1,True,True
2026-06-03 22:39:00,89,CRITICAL,116,1,True,False
2026-06-03 22:42:00,23,MEDIUM,13,0,False,False
2026-06-03 22:45:00,66,HIGH,59,0,False,False
2026-06-02 23:12:00,8,LOW,9,0,False,False
2026-06-03 22:51:00,34,MEDIUM,24,0,True,False
2026-06-03 22:54:00,53,HIGH,32,1,True,True
2026-06-01 23:39:00,37,MEDIUM,10,1,False,False
2026-06-01 23:40:00,4,LOW,0,0,False,False
2026-06-02 23:22:00,9,LOW,6,0,False,False
2026-06-01 23:42:00,33,MEDIUM,14,1,False,False
2026-06-03 23:09:00,23,MEDIUM,19,1,False,False
2026-06-01 23:44:00,22,MEDIUM,17,1,True,False
2026-06-01 23:45:00,5,LOW,8,0,False,False
2026-06-03 23:18:00,111,CRITICAL,101,4,True,True
2026-06-02 23:34:00,41,MEDIUM,20,0,True,False
2026-06-02 23:36:00,43,MEDIUM,22,1,False,False
2026-06-02 23:38:00,13,LOW,3,0,False,False
2026-06-02 23:40:00,4,LOW,2,0,False,False
2026-06-02 23:42:00,45,MEDIUM,11,1,False,False
2026-06-02 23:44:00,71,HIGH,50,0,True,False
2026-06-03 23:39:00,0,LOW,7,0,False,False
2026-06-02 23:48:00,49,MEDIUM,28,0,True,False
2026-06-02 23:50:00,40,MEDIUM,18,0,False,False
2026-06-01 23:56:00,28,MEDIUM,26,1,False,False
2026-06-01 23:57:00,11,LOW,4,0,False,False
2026-06-01 23:58:00,53,HIGH,61,2,True,False
2026-06-03 23:57:00,56,HIGH,52,2,False,False
2026-06-04 00:00:00,24,MEDIUM,21,1,True,False
2026-06-03 00:02:00,2,LOW,11,0,False,False
2026-06-04 00:06:00,4,LOW,15,0,False,False
2026-06-03 00:06:00,10,LOW,11,0,False,False
2026-06-04 00:12:00,94,CRITICAL,64,2,True,True
2026-06-04 00:15:00,18,LOW,0,0,False,False
2026-06-04 00:18:00,12,LOW,3,0,False,False
2026-06-02 00:07:00,80,CRITICAL,123,3,True,False
2026-06-03 00:16:00,1,LOW,14,0,False,False
2026-06-04 00:27:00,6,LOW,0,0,False,False
2026-06-04 00:30:00,47,MEDIUM,21,0,True,False
2026-06-03 00:22:00,3,LOW,12,0,False,False
2026-06-04 00:36:00,15,LOW,10,0,False,False
2026-06-03 00:26:00,25,MEDIUM,26,0,False,False
2026-06-03 00:28:00,10,LOW,0,0,False,False
2026-06-04 00:45:00,1,LOW,14,0,False,False
2026-06-02 00:16:00,15,LOW,6,0,False,False
2026-06-03 00:34:00,6,LOW,10,0,False,False
2026-06-03 00:36:00,20,MEDIUM,16,1,False,False
2026-06-02 00:19:00,2,LOW,7,0,False,False
2026-06-02 00:20:00,119,CRITICAL,100,4,True,True
2026-06-02 00:21:00,41,MEDIUM,16,1,False,False
2026-06-02 00:22:00,21,MEDIUM,17,1,True,False
2026-06-03 00:46:00,78,HIGH,38,2,True,False
2026-06-03 00:48:00,4,LOW,3,0,False,False
2026-06-04 01:15:00,2,LOW,7,0,False,False
2026-06-04 01:18:00,32,MEDIUM,18,1,True,False
2026-06-04 01:21:00,71,HIGH,70,1,False,False
2026-06-04 01:24:00,105,CRITICAL,141,1,True,False
2026-06-04 01:27:00,6,LOW,14,0,False,False
2026-06-02 00:30:00,12,LOW,13,0,False,False
2026-06-02 00:31:00,12,LOW,6,0,False,False
2026-06-04 01:36:00,6,LOW,5,0,False,False
2026-06-04 01:39:00,6,LOW,7,0,False,False
2026-06-03 01:08:00,41,MEDIUM,22,0,True,False
2026-06-03 01:10:00,3,LOW,13,0,False,False
2026-06-02 00:36:00,3,LOW,5,0,False,False
2026-06-02 00:37:00,28,MEDIUM,10,1,False,False
2026-06-04 01:54:00,11,LOW,9,0,False,False
2026-06-03 01:18:00,11,LOW,5,0,False,False
2026-06-02 00:40:00,75,HIGH,43,2,False,False
2026-06-04 02:03:00,40,MEDIUM,25,0,False,False
2026-06-03 01:24:00,5,LOW,2,0,False,False
2026-06-02 00:43:00,1,LOW,14,0,False,False
2026-06-03 01:28:00,12,LOW,4,0,False,False
2026-06-02 00:45:00,105,CRITICAL,94,3,True,True
2026-06-04 02:18:00,3,LOW,7,0,False,False
2026-06-03 01:34:00,7,LOW,3,0,False,False
2026-06-03 01:36:00,38,MEDIUM,16,0,False,False
2026-06-04 02:27:00,13,LOW,12,0,False,False
2026-06-03 01:40:00,42,MEDIUM,16,0,True,False
2026-06-03 01:42:00,6,LOW,15,0,False,False
2026-06-03 01:44:00,11,LOW,13,0,False,False
2026-06-03 01:46:00,18,LOW,9,0,False,False
2026-06-03 01:48:00,117,CRITICAL,74,2,True,True
2026-06-02 00:55:00,7,LOW,10,0,False,False
2026-06-02 00:56:00,38,MEDIUM,17,1,True,False
2026-06-03 01:54:00,37,MEDIUM,23,0,False,False
2026-06-03 01:56:00,128,CRITICAL,101,1,True,True
2026-06-03 01:58:00,72,HIGH,51,1,True,True
2026-06-04 03:00:00,7,LOW,2,0,False,False
2026-06-04 03:03:00,10,LOW,5,0,False,False
2026-06-02 01:02:00,78,HIGH,45,1,False,False
2026-06-02 01:03:00,8,LOW,11,0,False,False
2026-06-03 02:08:00,10,LOW,8,0,False,False
2026-06-03 02:10:00,29,MEDIUM,30,0,False,False
2026-06-03 02:12:00,77,HIGH,55,2,True,False
2026-06-03 02:14:00,53,HIGH,29,1,False,True
2026-06-04 03:24:00,16,LOW,0,0,False,False
2026-06-04 03:27:00,12,LOW,15,0,False,False
2026-06-03 02:20:00,58,HIGH,33,0,True,False
2026-06-04 03:33:00,13,LOW,12,0,False,False
2026-06-02 01:12:00,30,MEDIUM,19,0,True,False
2026-06-02 01:13:00,78,HIGH,27,2,True,True
2026-06-04 03:42:00,60,HIGH,39,1,True,False
2026-06-02 01:15:00,79,HIGH,60,1,True,True
2026-06-03 02:32:00,11,LOW,12,0,False,False
2026-06-02 01:17:00,29,MEDIUM,11,1,False,False
2026-06-03 02:36:00,7,LOW,15,0,False,False
2026-06-03 02:38:00,61,HIGH,24,1,True,True
2026-06-02 01:20:00,30,MEDIUM,12,0,True,False
2026-06-04 04:03:00,54,HIGH,21,1,True,False
2026-06-04 04:06:00,36,MEDIUM,13,1,True,False
2026-06-04 04:09:00,8,LOW,11,0,False,False
2026-06-04 04:12:00,28,MEDIUM,26,0,False,False
2026-06-03 02:50:00,22,MEDIUM,17,0,False,False
2026-06-02 01:26:00,47,MEDIUM,26,0,False,False
2026-06-02 01:27:00,42,MEDIUM,15,0,False,False
2026-06-02 01:28:00,19,LOW,10,0,False,False
2026-06-02 01:29:00,68,HIGH,35,1,False,False
2026-06-02 01:30:00,1,LOW,0,0,False,False
2026-06-03 03:02:00,65,HIGH,56,1,True,False
2026-06-04 04:36:00,15,LOW,3,0,False,False
2026-06-02 01:33:00,130,CRITICAL,84,4,True,True
2026-06-02 01:34:00,18,LOW,7,0,False,False
2026-06-03 03:10:00,3,LOW,10,0,False,False
2026-06-04 04:48:00,49,MEDIUM,10,1,False,False
2026-06-02 01:37:00,2,LOW,11,0,False,False
2026-06-02 01:38:00,67,HIGH,31,0,False,False
2026-06-04 04:57:00,47,MEDIUM,17,1,True,False
2026-06-02 01:40:00,7,LOW,14,0,False,False
2026-06-03 03:22:00,60,HIGH,54,0,True,True
2026-06-04 05:06:00,45,MEDIUM,30,1,True,False
2026-06-03 03:26:00,19,LOW,6,0,False,False
2026-06-02 01:44:00,37,MEDIUM,27,0,True,False
2026-06-03 03:30:00,3,LOW,15,0,False,False
2026-06-02 01:46:00,24,MEDIUM,23,1,True,False
2026-06-03 03:34:00,46,MEDIUM,30,1,True,False
2026-06-02 01:48:00,25,MEDIUM,25,0,False,False
2026-06-04 05:27:00,4,LOW,0,0,False,False
2026-06-04 05:30:00,43,MEDIUM,15,1,False,False
2026-06-03 03:42:00,57,HIGH,57,0,True,True
2026-06-02 01:52:00,57,HIGH,49,2,False,False
2026-06-03 03:46:00,99,CRITICAL,131,2,True,True
2026-06-04 05:42:00,16,LOW,5,0,False,False
2026-06-04 05:45:00,74,HIGH,67,2,False,False
2026-06-02 01:56:00,55,HIGH,65,0,False,False
2026-06-04 05:51:00,28,MEDIUM,16,1,True,False
2026-06-03 03:56:00,16,LOW,10,0,False,False
2026-06-04 05:57:00,114,CRITICAL,148,3,True,True
2026-06-03 04:00:00,24,MEDIUM,27,1,True,False
2026-06-03 04:02:00,0,LOW,13,0,False,False
2026-06-04 06:06:00,19,LOW,8,0,False,False
2026-06-02 02:03:00,18,LOW,0,0,False,False
2026-06-04 06:12:00,20,MEDIUM,18,1,False,False
2026-06-02 02:05:00,7,LOW,13,0,False,False
2026-06-03 04:12:00,70,HIGH,54,1,True,True
2026-06-03 04:14:00,93,CRITICAL,89,1,True,True
2026-06-02 02:08:00,22,MEDIUM,27,1,False,False
2026-06-04 06:27:00,29,MEDIUM,18,1,False,False
2026-06-02 02:10:00,63,HIGH,29,0,False,False
2026-06-02 02:11:00,38,MEDIUM,27,0,True,False
2026-06-04 06:36:00,3,LOW,6,0,False,False
2026-06-03 04:26:00,27,MEDIUM,21,0,False,False
2026-06-04 06:42:00,37,MEDIUM,28,1,False,False
2026-06-03 04:30:00,72,HIGH,51,2,True,False
2026-06-04 06:48:00,2,LOW,11,0,False,False
2026-06-03 04:34:00,103,CRITICAL,111,3,True,True
2026-06-02 02:18:00,15,LOW,11,0,False,False
2026-06-03 04:38:00,126,CRITICAL,117,2,True,True
2026-06-04 07:00:00,9,LOW,10,0,False,False
2026-06-02 02:21:00,84,CRITICAL,107,4,True,False
2026-06-02 02:22:00,19,LOW,6,0,False,False
2026-06-03 04:46:00,7,LOW,13,0,False,False
2026-06-02 02:24:00,43,MEDIUM,26,0,True,False
2026-06-04 07:15:00,0,LOW,15,0,False,False
2026-06-02 02:26:00,16,LOW,12,0,False,False
2026-06-02 02:27:00,67,HIGH,67,1,False,False
2026-06-02 02:28:00,74,HIGH,38,2,False,False
2026-06-04 07:27:00,25,MEDIUM,19,1,False,False
2026-06-03 05:00:00,56,HIGH,42,0,True,False
2026-06-03 05:02:00,109,CRITICAL,145,4,True,True
2026-06-03 05:04:00,74,HIGH,60,1,True,False
2026-06-04 07:39:00,126,CRITICAL,113,4,True,True
2026-06-04 07:42:00,13,LOW,9,0,False,False
2026-06-02 02:35:00,56,HIGH,45,1,True,False
2026-06-04 07:48:00,5,LOW,15,0,False,False
2026-06-03 05:14:00,28,MEDIUM,14,1,False,False
2026-06-02 02:38:00,5,LOW,15,0,False,False
2026-06-04 07:57:00,24,MEDIUM,30,0,True,False
2026-06-03 05:20:00,17,LOW,12,0,False,False
2026-06-03 05:22:00,47,MEDIUM,10,0,False,False
2026-06-03 05:24:00,9,LOW,7,0,False,False
2026-06-04 08:09:00,7,LOW,2,0,False,False
2026-06-03 05:28:00,65,HIGH,53,0,True,False
2026-06-02 02:45:00,46,MEDIUM,28,0,True,False
2026-06-02 02:46:00,21,MEDIUM,11,1,False,False
2026-06-04 08:21:00,13,LOW,3,0,False,False
2026-06-03 05:36:00,19,LOW,13,0,False,False
2026-06-02 02:49:00,18,LOW,15,0,False,False
2026-06-04 08:30:00,70,HIGH,67,0,True,True
2026-06-03 05:42:00,22,MEDIUM,28,0,False,False
2026-06-02 02:52:00,32,MEDIUM,13,0,False,False
2026-06-04 08:39:00,32,MEDIUM,30,1,False,False
2026-06-02 02:54:00,40,MEDIUM,25,0,False,False
2026-06-03 05:50:00,9,LOW,14,0,False,False
2026-06-04 08:48:00,2,LOW,2,0,False,False
2026-06-03 05:54:00,5,LOW,11,0,False,False
2026-06-04 08:54:00,4,LOW,8,0,False,False
2026-06-03 05:58:00,2,LOW,12,0,False,False
2026-06-04 09:00:00,39,MEDIUM,26,0,False,False
2026-06-02 03:01:00,11,LOW,3,0,False,False
2026-06-02 03:02:00,18,LOW,5,0,False,False
2026-06-03 06:06:00,65,HIGH,25,2,False,True
2026-06-03 06:08:00,41,MEDIUM,28,1,True,False
2026-06-03 06:10:00,4,LOW,6,0,False,False
2026-06-02 03:06:00,88,CRITICAL,102,3,True,False
2026-06-04 09:21:00,46,MEDIUM,10,1,False,False
2026-06-04 09:24:00,27,MEDIUM,15,0,False,False
2026-06-02 03:09:00,82,CRITICAL,94,1,True,True
2026-06-02 03:10:00,11,LOW,8,0,False,False
2026-06-03 06:22:00,73,HIGH,63,1,False,False
2026-06-02 03:12:00,14,LOW,12,0,False,False
2026-06-02 03:13:00,6,LOW,6,0,False,False
2026-06-02 03:14:00,4,LOW,14,0,False,False
2026-06-03 06:30:00,68,HIGH,26,1,False,False
2026-06-02 03:16:00,54,HIGH,57,1,True,False
2026-06-02 03:17:00,74,HIGH,54,2,True,False
2026-06-02 03:18:00,12,LOW,10,0,False,False
2026-06-02 03:19:00,41,MEDIUM,16,1,True,False
2026-06-04 10:00:00,77,HIGH,64,1,True,True
2026-06-02 03:21:00,11,LOW,12,0,False,False
2026-06-03 06:44:00,3,LOW,12,0,False,False
2026-06-04 10:09:00,11,LOW,6,0,False,False
2026-06-02 03:24:00,114,CRITICAL,82,2,True,False
2026-06-04 10:15:00,75,HIGH,47,0,False,False
2026-06-02 03:26:00,80,CRITICAL,90,3,True,False
2026-06-04 10:21:00,2,LOW,8,0,False,False
2026-06-03 06:56:00,0,LOW,2,0,False,False
2026-06-04 10:27:00,14,LOW,2,0,False,False
2026-06-02 03:30:00,12,LOW,12,0,False,False
2026-06-02 03:31:00,7,LOW,15,0,False,False
2026-06-03 07:04:00,43,MEDIUM,23,1,False,False
2026-06-02 03:33:00,17,LOW,6,0,False,False
2026-06-03 07:08:00,13,LOW,6,0,False,False
2026-06-04 10:45:00,1,LOW,1,0,False,False
2026-06-04 10:48:00,11,LOW,7,0,False,False
2026-06-03 07:14:00,28,MEDIUM,15,1,False,False
2026-06-03 07:16:00,42,MEDIUM,10,1,False,False
2026-06-03 07:18:00,13,LOW,8,0,False,False
2026-06-02 03:40:00,10,LOW,13,0,False,False
2026-06-04 11:03:00,20,MEDIUM,21,0,True,False
2026-06-04 11:06:00,22,MEDIUM,21,1,False,False
2026-06-03 07:26:00,6,LOW,3,0,False,False
2026-06-02 03:44:00,13,LOW,10,0,False,False
2026-06-03 07:30:00,53,HIGH,48,2,False,False
2026-06-02 03:46:00,2,LOW,9,0,False,False
2026-06-03 07:34:00,64,HIGH,24,0,False,True
2026-06-03 07:36:00,14,LOW,11,0,False,False
2026-06-02 03:49:00,5,LOW,0,0,False,False
2026-06-02 03:50:00,0,LOW,4,0,False,False
2026-06-03 07:42:00,30,MEDIUM,12,0,True,False
2026-06-04 11:36:00,9,LOW,15,0,False,False
2026-06-02 03:53:00,17,LOW,5,0,False,False
2026-06-02 03:54:00,17,LOW,5,0,False,False
2026-06-03 07:50:00,18,LOW,13,0,False,False
2026-06-04 11:48:00,8,LOW,8,0,False,False
2026-06-02 03:57:00,47,MEDIUM,21,1,True,False
2026-06-03 07:56:00,64,HIGH,65,0,True,False
2026-06-02 03:59:00,22,MEDIUM,29,0,False,False
2026-06-02 04:00:00,130,CRITICAL,120,2,True,True
2026-06-03 08:02:00,9,LOW,14,0,False,False
2026-06-02 04:02:00,9,LOW,1,0,False,False
2026-06-02 04:03:00,7,LOW,2,0,False,False
2026-06-04 12:12:00,3,LOW,7,0,False,False
2026-06-04 12:15:00,36,MEDIUM,20,0,False,False
2026-06-04 12:18:00,32,MEDIUM,18,0,True,False
2026-06-04 12:21:00,76,HIGH,20,1,False,False
2026-06-02 04:08:00,3,LOW,8,0,False,False
2026-06-02 04:09:00,53,HIGH,20,0,True,False
2026-06-02 04:10:00,55,HIGH,30,1,True,True
2026-06-03 08:22:00,29,MEDIUM,25,0,False,False
2026-06-04 12:36:00,4,LOW,0,0,False,False
2026-06-03 08:26:00,22,MEDIUM,24,0,False,False
2026-06-04 12:42:00,17,LOW,9,0,False,False
2026-06-02 04:15:00,0,LOW,2,0,False,False
2026-06-02 04:16:00,6,LOW,5,0,False,False
2026-06-04 12:51:00,35,MEDIUM,23,0,False,False
2026-06-04 12:54:00,24,MEDIUM,15,1,False,False
2026-06-02 04:19:00,31,MEDIUM,20,0,True,False
2026-06-03 08:40:00,12,LOW,3,0,False,False
2026-06-02 04:21:00,44,MEDIUM,10,1,True,False
2026-06-04 13:06:00,3,LOW,14,0,False,False
2026-06-02 04:23:00,47,MEDIUM,21,0,False,False
2026-06-04 13:12:00,18,LOW,10,0,False,False
2026-06-02 04:25:00,6,LOW,4,0,False,False
2026-06-03 08:52:00,32,MEDIUM,13,0,True,False
2026-06-04 13:21:00,18,LOW,12,0,False,False
2026-06-02 04:28:00,15,LOW,8,0,False,False
2026-06-03 08:58:00,0,LOW,14,0,False,False
2026-06-03 09:00:00,16,LOW,7,0,False,False
2026-06-04 13:33:00,4,LOW,0,0,False,False
2026-06-04 13:36:00,19,LOW,5,0,False,False
2026-06-03 09:06:00,20,MEDIUM,17,0,True,False
2026-06-04 13:42:00,28,MEDIUM,11,0,True,False
2026-06-04 13:45:00,46,MEDIUM,28,0,True,False
2026-06-03 09:12:00,2,LOW,13,0,False,False
2026-06-02 04:37:00,52,HIGH,23,0,True,False
2026-06-04 13:54:00,6,LOW,9,0,False,False
2026-06-03 09:18:00,1,LOW,9,0,False,False
2026-06-02 04:40:00,64,HIGH,43,1,True,True
2026-06-03 09:22:00,74,HIGH,33,0,True,False
2026-06-04 14:06:00,8,LOW,5,0,False,False
2026-06-04 14:09:00,9,LOW,5,0,False,False
2026-06-04 14:12:00,30,MEDIUM,22,1,False,False
2026-06-02 04:45:00,2,LOW,1,0,False,False
2026-06-03 09:32:00,11,LOW,7,0,False,False
2026-06-03 09:34:00,1,LOW,4,0,False,False
2026-06-02 04:48:00,0,LOW,12,0,False,False
2026-06-02 04:49:00,49,MEDIUM,27,1,True,False
2026-06-02 04:50:00,76,HIGH,64,0,True,False
2026-06-04 14:33:00,11,LOW,5,0,False,False
2026-06-04 14:36:00,50,HIGH,29,2,False,False
2026-06-03 09:46:00,19,LOW,4,0,False,False
2026-06-03 09:48:00,27,MEDIUM,13,1,True,False
2026-06-03 09:50:00,92,CRITICAL,149,1,True,True
2026-06-03 09:52:00,18,LOW,2,0,False,False
2026-06-02 04:57:00,56,HIGH,60,1,False,False
2026-06-04 14:54:00,43,MEDIUM,29,0,True,False
2026-06-02 04:59:00,5,LOW,4,0,False,False
2026-06-04 15:00:00,8,LOW,2,0,False,False
2026-06-04 15:03:00,2,LOW,6,0,False,False
2026-06-03 10:04:00,31,MEDIUM,28,0,False,False
2026-06-04 15:09:00,62,HIGH,61,1,False,False
2026-06-02 05:04:00,32,MEDIUM,26,1,True,False
2026-06-04 15:15:00,62,HIGH,58,2,False,False
2026-06-04 15:18:00,22,MEDIUM,12,1,False,False
2026-06-04 15:21:00,21,MEDIUM,12,1,True,False
2026-06-02 05:08:00,58,HIGH,41,0,True,True
2026-06-03 10:18:00,62,HIGH,20,1,True,False
2026-06-04 15:30:00,123,CRITICAL,138,2,True,True
2026-06-03 10:22:00,15,LOW,8,0,False,False
2026-06-03 10:24:00,14,LOW,6,0,False,False
2026-06-04 15:39:00,24,MEDIUM,16,0,False,False
2026-06-03 10:28:00,27,MEDIUM,18,1,True,False
2026-06-04 15:45:00,11,LOW,6,0,False,False
2026-06-02 05:16:00,3,LOW,9,0,False,False
2026-06-02 05:17:00,8,LOW,5,0,False,False
2026-06-03 10:36:00,2,LOW,0,0,False,False
2026-06-02 05:19:00,19,LOW,8,0,False,False
2026-06-04 16:00:00,31,MEDIUM,26,1,False,False
2026-06-02 05:21:00,12,LOW,11,0,False,False
2026-06-02 05:22:00,30,MEDIUM,16,0,False,False
2026-06-02 05:23:00,3,LOW,12,0,False,False
2026-06-03 10:48:00,8,LOW,7,0,False,False
2026-06-02 05:25:00,20,MEDIUM,22,1,False,False
2026-06-03 10:52:00,20,MEDIUM,21,0,False,False
2026-06-04 16:21:00,14,LOW,4,0,False,False
2026-06-03 10:56:00,5,LOW,1,0,False,False
2026-06-03 10:58:00,2,LOW,15,0,False,False
2026-06-03 11:00:00,18,LOW,8,0,False,False
2026-06-03 11:02:00,28,MEDIUM,19,1,False,False
2026-06-03 11:04:00,124,CRITICAL,147,3,True,False
2026-06-02 05:33:00,72,HIGH,31,2,False,False
2026-06-03 11:08:00,75,HIGH,65,0,False,False
2026-06-02 05:35:00,30,MEDIUM,17,1,False,False
2026-06-02 05:36:00,44,MEDIUM,28,0,True,False
2026-06-02 05:37:00,37,MEDIUM,26,0,True,False
2026-06-02 05:38:00,49,MEDIUM,11,0,False,False
2026-06-02 05:39:00,10,LOW,11,0,False,False
2026-06-04 17:00:00,34,MEDIUM,16,0,False,False
2026-06-03 11:22:00,2,LOW,2,0,False,False
2026-06-03 11:24:00,42,MEDIUM,15,0,False,False
2026-06-03 11:26:00,46,MEDIUM,17,1,False,False
2026-06-03 11:28:00,14,LOW,12,0,False,False
2026-06-02 05:45:00,44,MEDIUM,25,1,False,False
2026-06-03 11:32:00,113,CRITICAL,146,3,True,True
2026-06-04 17:21:00,84,CRITICAL,122,2,True,False
2026-06-04 17:24:00,43,MEDIUM,13,1,True,False
2026-06-04 17:27:00,6,LOW,13,0,False,False
2026-06-04 17:30:00,19,LOW,8,0,False,False
2026-06-04 17:33:00,15,LOW,5,0,False,False
2026-06-02 05:52:00,3,LOW,14,0,False,False
2026-06-02 05:53:00,43,MEDIUM,10,0,False,False
2026-06-02 05:54:00,5,LOW,9,0,False,False
2026-06-02 05:55:00,0,LOW,3,0,False,False
2026-06-02 05:56:00,62,HIGH,41,1,True,True
2026-06-04 17:51:00,92,CRITICAL,124,3,True,False
2026-06-04 17:54:00,46,MEDIUM,20,1,False,False
2026-06-02 05:59:00,4,LOW,6,0,False,False
2026-06-03 12:00:00,0,LOW,3,0,False,False
2026-06-03 12:02:00,105,CRITICAL,95,3,True,False
2026-06-04 18:06:00,28,MEDIUM,29,1,False,False
2026-06-04 18:09:00,8,LOW,14,0,False,False
2026-06-03 12:08:00,11,LOW,2,0,False,False
2026-06-02 06:05:00,78,HIGH,38,1,True,False
2026-06-03 12:12:00,73,HIGH,48,1,False,True
2026-06-02 06:07:00,53,HIGH,42,0,False,True
2026-06-04 18:24:00,14,LOW,11,0,False,False
2026-06-04 18:27:00,70,HIGH,42,1,True,False
2026-06-04 18:30:00,11,LOW,9,0,False,False
2026-06-03 12:22:00,57,HIGH,47,0,False,False
2026-06-02 06:12:00,105,CRITICAL,124,3,True,True
2026-06-04 18:39:00,3,LOW,15,0,False,False
2026-06-04 18:42:00,68,HIGH,42,0,False,False
2026-06-02 06:15:00,8,LOW,3,0,False,False
2026-06-03 12:32:00,68,HIGH,44,0,True,False
2026-06-02 06:17:00,74,HIGH,56,2,True,False
2026-06-02 06:18:00,2,LOW,10,0,False,False
2026-06-02 06:19:00,4,LOW,5,0,False,False
2026-06-02 06:20:00,41,MEDIUM,10,0,False,False
2026-06-04 19:03:00,19,LOW,14,0,False,False
2026-06-04 19:06:00,9,LOW,9,0,False,False
2026-06-02 06:23:00,9,LOW,10,0,False,False
2026-06-02 06:24:00,6,LOW,6,0,False,False
2026-06-04 19:15:00,26,MEDIUM,26,0,False,False
2026-06-03 12:52:00,40,MEDIUM,28,1,True,False
2026-06-03 12:54:00,18,LOW,11,0,False,False
2026-06-04 19:24:00,69,HIGH,42,1,False,False
2026-06-03 12:58:00,66,HIGH,48,2,True,False
2026-06-04 19:30:00,70,HIGH,65,1,False,False
2026-06-04 19:33:00,1,LOW,14,0,False,False
2026-06-04 19:36:00,24,MEDIUM,17,0,True,False
2026-06-02 06:33:00,48,MEDIUM,11,1,False,False
2026-06-03 13:08:00,8,LOW,14,0,False,False
2026-06-03 13:10:00,99,CRITICAL,131,3,True,True
2026-06-04 19:48:00,59,HIGH,69,1,False,False
2026-06-03 13:14:00,41,MEDIUM,14,1,False,False
2026-06-02 06:38:00,60,HIGH,41,1,False,False
2026-06-03 13:18:00,90,CRITICAL,142,2,True,False
2026-06-02 06:40:00,11,LOW,3,0,False,False
2026-06-03 13:22:00,18,LOW,1,0,False,False
2026-06-03 13:24:00,12,LOW,3,0,False,False
2026-06-04 20:09:00,14,LOW,2,0,False,False
2026-06-03 13:28:00,6,LOW,6,0,False,False
2026-06-04 20:15:00,56,HIGH,34,1,False,False
2026-06-02 06:46:00,17,LOW,2,0,False,False
2026-06-02 06:47:00,7,LOW,2,0,False,False
2026-06-04 20:24:00,37,MEDIUM,26,1,False,False
2026-06-03 13:38:00,2,LOW,9,0,False,False
2026-06-03 13:40:00,13,LOW,8,0,False,False
2026-06-02 06:51:00,11,LOW,6,0,False,False
2026-06-02 06:52:00,24,MEDIUM,16,1,False,False
2026-06-03 13:46:00,74,HIGH,61,1,True,False
2026-06-04 20:42:00,41,MEDIUM,12,1,False,False
2026-06-04 20:45:00,48,MEDIUM,19,0,False,False
2026-06-04 20:48:00,25,MEDIUM,16,1,False,False
2026-06-02 06:57:00,74,HIGH,28,1,True,False
2026-06-04 20:54:00,105,CRITICAL,65,3,True,False
2026-06-02 06:59:00,22,MEDIUM,13,1,False,False
2026-06-02 07:00:00,41,MEDIUM,26,0,True,False
2026-06-03 14:02:00,31,MEDIUM,15,1,True,False
2026-06-04 21:06:00,32,MEDIUM,22,0,True,False
2026-06-02 07:03:00,0,LOW,9,0,False,False
2026-06-03 14:08:00,75,HIGH,63,2,False,False
2026-06-02 07:05:00,2,LOW,3,0,False,False
2026-06-02 07:06:00,28,MEDIUM,21,1,False,False
2026-06-02 07:07:00,46,MEDIUM,11,0,False,False
2026-06-03 14:16:00,4,LOW,2,0,False,False
2026-06-04 21:27:00,65,HIGH,31,0,False,True
2026-06-02 07:10:00,42,MEDIUM,24,1,False,False
2026-06-02 07:11:00,10,LOW,10,0,False,False
2026-06-02 07:12:00,10,LOW,7,0,False,False
2026-06-04 21:39:00,4,LOW,4,0,False,False
2026-06-03 14:28:00,17,LOW,8,0,False,False
2026-06-04 21:45:00,11,LOW,0,0,False,False
2026-06-03 14:32:00,10,LOW,9,0,False,False
2026-06-02 07:17:00,48,MEDIUM,23,1,False,False
2026-06-03 14:36:00,19,LOW,0,0,False,False
2026-06-02 07:19:00,67,HIGH,39,1,False,False
2026-06-03 14:40:00,66,HIGH,20,0,False,False
2026-06-02 07:21:00,6,LOW,10,0,False,False
2026-06-02 07:22:00,13,LOW,10,0,False,False
2026-06-04 22:09:00,13,LOW,15,0,False,False
2026-06-03 14:48:00,76,HIGH,27,2,False,False
2026-06-02 07:25:00,19,LOW,2,0,False,False
2026-06-04 22:18:00,3,LOW,3,0,False,False
2026-06-02 07:27:00,35,MEDIUM,23,1,False,False
2026-06-03 14:56:00,45,MEDIUM,15,0,False,False
2026-06-03 14:58:00,50,HIGH,29,1,False,True
2026-06-03 15:00:00,44,MEDIUM,17,0,False,False
2026-06-03 15:02:00,15,LOW,14,0,False,False
2026-06-04 22:36:00,0,LOW,7,0,False,False
2026-06-03 15:06:00,11,LOW,10,0,False,False
2026-06-03 15:08:00,20,MEDIUM,23,1,False,False
2026-06-03 15:10:00,17,LOW,12,0,False,False
2026-06-04 22:48:00,10,LOW,12,0,False,False
2026-06-02 07:37:00,3,LOW,2,0,False,False
2026-06-03 15:16:00,68,HIGH,69,1,True,False
2026-06-02 07:39:00,124,CRITICAL,97,1,True,False
2026-06-02 07:40:00,41,MEDIUM,14,1,False,False
2026-06-02 07:41:00,58,HIGH,33,1,True,False
2026-06-04 23:06:00,42,MEDIUM,13,1,True,False
2026-06-04 23:09:00,10,LOW,10,0,False,False
2026-06-04 23:12:00,11,LOW,5,0,False,False
2026-06-02 07:45:00,79,HIGH,23,1,True,True
2026-06-02 07:46:00,26,MEDIUM,13,1,False,False
2026-06-03 15:34:00,14,LOW,1,0,False,False
2026-06-02 07:48:00,59,HIGH,21,0,True,True
2026-06-04 23:27:00,17,LOW,6,0,False,False
2026-06-02 07:50:00,14,LOW,4,0,False,False
2026-06-03 15:42:00,23,MEDIUM,29,0,False,False
2026-06-03 15:44:00,32,MEDIUM,19,1,False,False
2026-06-03 15:46:00,6,LOW,2,0,False,False
2026-06-03 15:48:00,51,HIGH,40,1,True,True
2026-06-03 15:50:00,63,HIGH,58,1,True,True
2026-06-03 15:52:00,13,LOW,6,0,False,False
2026-06-04 23:51:00,28,MEDIUM,14,0,True,False
2026-06-03 15:56:00,27,MEDIUM,15,1,False,False
2026-06-03 15:58:00,73,HIGH,39,0,True,False
2026-06-05 00:00:00,22,MEDIUM,25,0,False,False
2026-06-05 00:03:00,6,LOW,14,0,False,False
2026-06-02 08:02:00,8,LOW,4,0,False,False
2026-06-05 00:09:00,72,HIGH,21,0,True,False
2026-06-03 16:08:00,0,LOW,9,0,False,False
2026-06-03 16:10:00,69,HIGH,60,1,False,True
2026-06-05 00:18:00,18,LOW,2,0,False,False
2026-06-02 08:07:00,39,MEDIUM,19,0,False,False
2026-06-03 16:16:00,108,CRITICAL,79,2,True,False
2026-06-05 00:27:00,9,LOW,7,0,False,False
2026-06-03 16:20:00,78,HIGH,68,1,True,True
2026-06-02 08:11:00,105,CRITICAL,121,4,True,True
2026-06-02 08:12:00,48,MEDIUM,18,1,False,False
2026-06-03 16:26:00,77,HIGH,45,2,True,False
2026-06-03 16:28:00,72,HIGH,22,0,True,False
2026-06-02 08:15:00,11,LOW,12,0,False,False
2026-06-05 00:48:00,13,LOW,12,0,False,False
2026-06-02 08:17:00,27,MEDIUM,13,1,True,False
2026-06-02 08:18:00,61,HIGH,61,1,True,False
2026-06-05 00:57:00,18,LOW,15,0,False,False
2026-06-03 16:40:00,43,MEDIUM,22,0,True,False
2026-06-05 01:03:00,120,CRITICAL,69,1,True,True
2026-06-05 01:06:00,61,HIGH,65,1,False,False
2026-06-02 08:23:00,24,MEDIUM,28,1,False,False
2026-06-02 08:24:00,4,LOW,1,0,False,False
2026-06-05 01:15:00,12,LOW,7,0,False,False
2026-06-03 16:52:00,36,MEDIUM,11,1,False,False
2026-06-02 08:27:00,47,MEDIUM,10,1,False,False
2026-06-02 08:28:00,10,LOW,15,0,False,False
2026-06-05 01:27:00,121,CRITICAL,141,3,True,False
2026-06-05 01:30:00,17,LOW,10,0,False,False
2026-06-02 08:31:00,38,MEDIUM,29,1,True,False
2026-06-02 08:32:00,4,LOW,0,0,False,False
2026-06-03 17:06:00,44,MEDIUM,14,0,False,False
2026-06-05 01:42:00,54,HIGH,66,2,False,False
2026-06-02 08:35:00,62,HIGH,47,0,False,False
2026-06-03 17:12:00,65,HIGH,70,0,False,True
2026-06-02 08:37:00,7,LOW,14,0,False,False
2026-06-02 08:38:00,29,MEDIUM,18,1,False,False
2026-06-02 08:39:00,31,MEDIUM,11,1,False,False
2026-06-03 17:20:00,53,HIGH,67,2,False,True
2026-06-02 08:41:00,17,LOW,13,0,False,False
2026-06-03 17:24:00,76,HIGH,52,1,True,False
2026-06-03 17:26:00,67,HIGH,70,2,False,True
2026-06-03 17:28:00,13,LOW,9,0,False,False
2026-06-03 17:30:00,17,LOW,12,0,False,False
2026-06-05 02:18:00,93,CRITICAL,85,4,True,True
2026-06-05 02:21:00,4,LOW,9,0,False,False
2026-06-05 02:24:00,41,MEDIUM,12,0,False,False
2026-06-02 08:49:00,63,HIGH,39,1,False,False
2026-06-05 02:30:00,74,HIGH,70,2,True,False
2026-06-05 02:33:00,1,LOW,6,0,False,False
2026-06-05 02:36:00,32,MEDIUM,15,1,False,False
2026-06-02 08:53:00,32,MEDIUM,20,1,False,False
2026-06-02 08:54:00,10,LOW,3,0,False,False
2026-06-03 17:50:00,75,HIGH,46,1,True,True
2026-06-02 08:56:00,1,LOW,7,0,False,False
2026-06-02 08:57:00,8,LOW,9,0,False,False
2026-06-02 08:58:00,49,MEDIUM,25,1,True,False
2026-06-05 02:57:00,2,LOW,12,0,False,False
2026-06-05 03:00:00,10,LOW,9,0,False,False
2026-06-02 09:01:00,117,CRITICAL,109,3,True,False
2026-06-03 18:04:00,15,LOW,9,0,False,False
2026-06-05 03:09:00,24,MEDIUM,26,0,False,False
2026-06-03 18:08:00,44,MEDIUM,23,0,True,False
2026-06-02 09:05:00,5,LOW,9,0,False,False
2026-06-05 03:18:00,73,HIGH,40,2,True,True
2026-06-03 18:14:00,26,MEDIUM,18,1,True,False
2026-06-02 09:08:00,14,LOW,11,0,False,False
2026-06-02 09:09:00,4,LOW,15,0,False,False
2026-06-03 18:20:00,118,CRITICAL,124,1,True,True
2026-06-02 09:11:00,30,MEDIUM,12,1,False,False
2026-06-05 03:36:00,82,CRITICAL,73,4,True,False
2026-06-02 09:13:00,1,LOW,13,0,False,False
2026-06-03 18:28:00,86,CRITICAL,66,1,True,True
2026-06-02 09:15:00,0,LOW,15,0,False,False
2026-06-05 03:48:00,40,MEDIUM,22,1,False,False
2026-06-05 03:51:00,51,HIGH,43,2,True,False
2026-06-05 03:54:00,0,LOW,11,0,False,False
2026-06-03 18:38:00,72,HIGH,66,2,False,False
